id,title,gold_codes,majority_codes,majority_codes_probs,gold_covered,run_details,focuses,rationales
5,인터넷 커뮤니티 활동이 윤리적 소비 참여에 미치는 영향: 온라인 사회자본과 공감 경험의 역할을 중심으로,ROLE_FIELD_SOCIALCAPITAL,"ROLE_FIELD_PUBLICSPHERE, ROLE_FIELD_SOCIALCAPITAL","ROLE_FIELD_PUBLICSPHERE(0.55), ROLE_FIELD_SOCIALCAPITAL(0.90)",True,"run1:ROLE_FIELD_PUBLICSPHERE(0.55),ROLE_FIELD_SOCIALCAPITAL(0.90)","has_community=True role_relevant=True env_relevant=False | 이 논문은 온라인 커뮤니티의 상호작용과 사회자본이 윤리적 소비 의향에 미치는 영향을 분석하여, 커뮤니티가 시민적 참여를 촉진하는 공동체(창/장)로서의 역할을 조명하나, 회원제·익명성·운영 방침 등 구조적 환경 조건에 따른 차이나 비교는 다루지 않았다.","[ROLE] 본 연구는 온라인 커뮤니티 내 상호작용이 사회자본(결속적/교량적) 형성과 공감 경험을 매개로 윤리적 소비 의향에 영향을 미치는 인과 경로를 분석함으로써, 커뮤니티 공간 안의 관계적 자원 형성(장으로서의 역할)과 이를 통한 시민적 참여 촉진(공론장적 기능)을 함께 조명한다."
8,미술계 온라인 커뮤니티 연구: “네오룩 아카이브(2000-2024)”의 텍스트마이닝 분석,ROLE_WINDOW_MISC,"ROLE_FIELD_PUBLICSPHERE, ROLE_FIELD_SOCIALCAPITAL","ROLE_FIELD_PUBLICSPHERE(0.80), ROLE_FIELD_SOCIALCAPITAL(0.70)",False,"run1:ROLE_FIELD_PUBLICSPHERE(0.80),ROLE_FIELD_SOCIALCAPITAL(0.70)","has_community=True role_relevant=True env_relevant=False | 이 논문은 미술계 온라인 커뮤니티의 아카이브를 분석하여 미술계의 지형과 공론장으로서의 역할을 탐구하였으나, 회원제나 익명성 등 커뮤니티의 구조적·환경적 조건에 따른 차이나 변화를 분석하지 않았다.","[ROLE] 이 논문은 온라인 커뮤니티 '네오룩'의 아카이브를 분석하여 미술계의 지형(장르·주제 변화)을 탐구하는 '창'의 기능과, 동시에 커뮤니티가 다양한 주체가 교차하는 '공론장'이자 '협력망'으로 기능하는 '장'의 역할을 함께 확인하였다."
10,극우주의의 프레임과 감정 정치: 언어네트워크방법론을 통한 일베커뮤니티 분석,"ROLE_WINDOW_HATE, ROLE_WINDOW_POLARIZE","ROLE_WINDOW_GENDER, ROLE_WINDOW_HATE","ROLE_WINDOW_GENDER(0.60), ROLE_WINDOW_HATE(0.95)",False,"run1:ROLE_WINDOW_GENDER(0.60),ROLE_WINDOW_HATE(0.95)","has_community=True role_relevant=True env_relevant=False | 이 논문은 일베 커뮤니티의 게시물을 분석하여 한국 사회의 극우화 및 타자 혐오 확산 과정과 그 도덕적 프레임(창)을 조명하지만, 커뮤니티의 구조적·운영적 조건(회원제, 익명성, 제재 방식 등)이 분석 결과에 미치는 영향을 고려하지 않는다.","[ROLE] 본 연구는 일베 커뮤니티라는 온라인 공간을 통해 타자에 대한 혐오 감정이 어떻게 확산되는지, 그리고 이를 위해 젠더 갈등 프레임이 재편성되는 과정을 분석함으로써, 온라인 커뮤니티가 혐오 및 젠더 갈등이라는 외부 사회현상을 보여주는 '창(Window)'의 역할을 수행한다고 판단된다."
13,메갈리아의 두 딸들: 익명성 수준에 따른 온라인 커뮤니티의 정체성 분화,"ENV_COMMUNITY_LIFECYCLE, ENV_ONLINE_ANNONIMITY","ENV_ONLINE_ANNONIMITY, ROLE_WINDOW_GENDER","ENV_ONLINE_ANNONIMITY(0.95), ROLE_WINDOW_GENDER(0.85)",False,"run1:ENV_ONLINE_ANNONIMITY(0.95),ROLE_WINDOW_GENDER(0.85)","has_community=True role_relevant=True env_relevant=True | 메갈리아의 정체성 분화와 갈등 전개 양상을 분석하며, 익명성 수준(완전/부분익명)이라는 구조적 조건이 담론과 커뮤니티 쇠퇴에 미치는 영향을 비교 분석하여 환경적 요인(ENV)과 커뮤니티의 사회적 역할(ROLE)을 모두 조명한다.","[ROLE] 본 연구는 메갈리아라는 온라인 커뮤니티를 통해 외부 사회에 존재하는 '전투적 여성주의' 및 '혐오' 현상의 정체성 분화 양상을 분석하는 창(Window) 역할을 수행한다고 판단된다. | [ENV] 본 연구는 완전익명과 부분익명이라는 익명성 수준의 차이에 따른 담론 및 정체성 형성의 상이함을 비교 분석하고, 이를 통해 커뮤니티의 대거 이탈과 쇠퇴라는 생애주기적 결과와 연결짓고 있으므로 ENV_ONLINE_ANNONIMITY와 ENV_COMMUNITY_LIFECYCLE 코드를 부여한다."
14,온라인 커뮤니티의 상호작용 의례: 자전거 커뮤니티 사례를 중심으로,ROLE_FIELD_SOCIALCAPITAL,"ENV_COMMUNITY_GOVERNANCE, ROLE_FIELD_SOCIALCAPITAL","ENV_COMMUNITY_GOVERNANCE(0.60), ROLE_FIELD_SOCIALCAPITAL(0.85)",True,"run1:ENV_COMMUNITY_GOVERNANCE(0.60),ROLE_FIELD_SOCIALCAPITAL(0.85)","has_community=True role_relevant=True env_relevant=True | 이 논문은 온라인 자전거 커뮤니티의 상호작용 의례를 분석하여, 회원들이 존대·처신·수습절차 등 의례 규칙을 협력적으로 수행하며 도덕적 표준을 확인하고 위기를 극복하는 과정(ENV_COMMUNITY_GOVERNANCE)을 조명하고, 이를 통해 커뮤니티가 결사로서 유지·구축되는 사회적 역할(ROLE_FIELD_SOCIAL_ROLE)을 분석한다.","[ROLE] 이 연구는 온라인 자전거 커뮤니티 내부의 상호작용 의례를 통해 구성원 간 유대와 정서적 에너지 등 관계적 자원(사회적 자본)이 형성되고 유지되는 과정을 분석하므로, FIELD 계열의 SOCIALCAPITAL 코드가 부여된다. | [ENV] 회원들의 상호작용을 통한 언행 조절 및 위기 극복 과정이 커뮤니티의 규범 유지 및 운영 체계로 기능하는 점을 분석하므로 GOVERNANCE는 부여하나, 커뮤니티 자체의 성장/쇠퇴 생애주기나 회원제/익명성 비교는 다루지 않아 나머지 코드는 미부여한다."
15,온라인 커뮤니티의 사회적 자본과 제도: 디시인사이드 바람의 화원/바람의 나라 갤러리를 중심으로,ROLE_FIELD_SOCIALCAPITAL,"ENV_COMMUNITY_GOVERNANCE, ROLE_FIELD_SOCIALCAPITAL","ENV_COMMUNITY_GOVERNANCE(0.70), ROLE_FIELD_SOCIALCAPITAL(0.95)",True,"run1:ENV_COMMUNITY_GOVERNANCE(0.70),ROLE_FIELD_SOCIALCAPITAL(0.95)","has_community=True role_relevant=True env_relevant=True | 이 논문은 온라인 커뮤니티 제도의 재생산이 사회적 자본에 의해 달라지는지 두 커뮤니티를 비교 분석하여, 커뮤니티의 제도적 환경(ENV_COMMUNITY_GOVERNANCE)이 커뮤니티의 사회적 역할(ROLE_FIELD_SOCIALCAPITAL)에 미치는 영향을 조명한다.","[ROLE] 논문의 핵심은 퍼트남의 사회적 자본 개념을 온라인 커뮤니티에 적용하여 제도의 재생산과 성패를 결정짓는 관계적 자원(신뢰·연대·네트워크 등)의 존재와 효과를 실증적으로 검증하는 것이므로, 온라인 커뮤니티 공간 내부의 관계적 자원 형성과 효과를 분석 대상으로 하는 장(FIELD)으로서의 사회적 자본 역할에 해당한다. | [ENV] 논문이 '제도의 재생산'을 핵심 분석 대상으로 삼고 두 커뮤니티의 양상 차이를 비교하며, 이는 커뮤니티 운영 체계(Governance)에 대한 환경적 조건으로 해석되나, 회원제, 생명주기, 익명성 관련 비교 분석은 부재하다."
16,한국사회의 젠더갈등과 감정동학: 2022년 대선 여성가족부 폐지 담론을 중심으로,ROLE_WINDOW_GENDER,"ROLE_FIELD_SOCIALCAPITAL, ROLE_WINDOW_GENDER","ROLE_FIELD_SOCIALCAPITAL(0.80), ROLE_WINDOW_GENDER(0.90)",True,"run1:ROLE_FIELD_SOCIALCAPITAL(0.80),ROLE_WINDOW_GENDER(0.90)","has_community=True role_relevant=True env_relevant=False | 이 논문은 20-30대 여성 커뮤니티의 감정동학을 분석하여 젠더갈등 이슈에 대한 반응과 정체성 재구성 과정을 연구하기 위해, 온라인 커뮤니티를 젠더갈등이라는 사회적 현상을 관찰하는 창(ROLE_WINDOW_MISC)으로 활용한다.","[ROLE] 이 논문은 온라인 여성 커뮤니티를 한국 사회의 젠더 갈등이라는 외부 현상을 보여주는 '창(Window)'으로 활용하는 동시에, 커뮤니티 내부에서 구성원들이 코뮤니타스를 형성하고 정체성을 재구성하는 '장(Field)'으로서의 사회적 자본 및 관계적 역학도 분석하는 복합적 연구이다."
20,뉴노멀 시대에 한국교회의 변화와 전망: 온라인 공동체를 중심으로,ERR,ROLE_FIELD_SOCIALCAPITAL,ROLE_FIELD_SOCIALCAPITAL(0.85),False,run1:ROLE_FIELD_SOCIALCAPITAL(0.85),"has_community=True role_relevant=True env_relevant=False | 이 논문은 코로나19 이후 온라인 예배와 소그룹 활동을 통한 신앙공동체 형성을 논의하며, 온라인 공간에서의 관계 형성과 상호작용을 분석 대상으로 삼아 종교적 공론장으로서의 역할(ROLE_FIELD_RELIGION)을 조명하였으나, 회원제나 익명성 등 구조적·운영적 환경 조건에 따른 차이 비교는 제시하지 않았다.","[ROLE] 이 논문은 코로나19 이후 온라인 공동체와 소그룹 활동을 통해 신앙 공동체성(관계적 자원)을 어떻게 형성하고 유지하는지를 분석하므로, 온라인 커뮤니티 공간 안에서의 관계적 자원 형성을 다루는 SOCIALCAPITAL로 분류된다."
26,온라인 커뮤니티의 신뢰형성이 구매의도에 미치는 영향,ROLE_FIELD_SOCIALCAPITAL,,,False,run1:없음,"has_community=True role_relevant=False env_relevant=True | 이 논문은 온라인 커뮤니티의 운영 요인(명성, 사회적 실재감, 즐거움)과 구성원 간 신뢰 형성을 분석 대상으로 삼음으로써, 커뮤니티의 구조적·환경적 조건(ENV_COMMUNITY_GOVERNANCE)에 주목하지만, 이를 외부 사회현상을 보여주는 창(ROLE_WINDOW)이나 공간 자체의 사회적 역할(ROLE_FIELD)로 조명하지는 않는다.","[ENV] 논문은 온라인 커뮤니티의 신뢰형성 요인(명성, 사회적 실재감, 즐거움)과 구매의도 간의 인과관계에 초점을 맞추고 있으며, 회원제 유무, 운영 체계, 커뮤니티의 생애주기, 또는 익명성 수준과 같은 환경적·구조적 조건을 독립 변수로 비교하거나 분석하지 않으므로 4개 코드 모두 미부여한다."
27,사용자간 상호작용성(User-to-User Interactivity)의 측정을 위한 척도 개발과 검증:온라인 브랜드 커뮤니티를 대상으로,ROLE_FIELD_SOCIALCAPITAL,,,False,run1:없음,"has_community=True role_relevant=False env_relevant=False | 이 논문은 온라인 커뮤니티를 연구의 재료로 활용하여 사용자간 상호작용성을 측정하는 척도를 개발·검증하는 방법론적 연구로, 커뮤니티의 사회적 역할(창/장)이나 구조적·환경적 조건에 따른 차이·비교를 분석하는 것이 아니라 측정 도구 자체의 신뢰도와 타당도 확보에 초점을 맞추고 있다.","이 논문은 온라인 커뮤니티를 연구의 재료로 활용하여 사용자간 상호작용성을 측정하는 척도를 개발·검증하는 방법론적 연구로, 커뮤니티의 사회적 역할(창/장)이나 구조적·환경적 조건에 따른 차이·비교를 분석하는 것이 아니라 측정 도구 자체의 신뢰도와 타당도 확보에 초점을 맞추고 있다."
29,‘엄마표 영어’담론 분석:토픽모델링과 감성분석의 적용,ROLE_WINDOW_MISC,ROLE_FIELD_SOCIALCAPITAL,ROLE_FIELD_SOCIALCAPITAL(0.85),False,run1:ROLE_FIELD_SOCIALCAPITAL(0.85),"has_community=True role_relevant=True env_relevant=False | 이 논문은 엄마표 영어 담론을 분석하기 위해 온라인 육아 커뮤니티 데이터를 분석 대상으로 설정하여, 해당 공간이 부모들의 교육적 고민과 연대를 보여주는 사례(창)로 조명하고 있다.",[ROLE] 이 논문은 온라인 육아 커뮤니티 내에서 엄마들 간의 연대 및 스터디 그룹 결성 등 관계적 자원(사회적 자본)의 형성과 상호작용을 분석하는 장(FIELD)으로서의 역할을 주로 조명한다.
