id,title,class1_raw,class1_code,class2_raw,class2_code,gold_codes,majority_status,majority_codes,majority_codes_probs,run_details,full_agreement,error_runs,dropped_by_cap_runs,gold_dropped_by_cap,exact_match,gold_covered,focuses,rationales
1,세월호 ‘노란 리본’과 일베의 ‘폭식 투쟁’: 공감과 혐오의 전형성과 그 비전형적 생활세계,ROLE_WINDOW_HATE,ROLE_WINDOW_HATE,,,ROLE_WINDOW_HATE,OK,ROLE_WINDOW_HATE,ROLE_WINDOW_HATE(0.85),run1:ROLE_WINDOW_HATE(0.85),True,0/1,run1:없음,False,True,True,"has_community=True role_relevant=True env_relevant=False | 이 논문은 세월호 참사에 대한 공감과 혐오라는 한국사회의 두 얼굴을 이해하기 위해, 혐오 담론이 생산되는 일베 사용자를 포함한 집단과 운동 참여자를 심층면접하여 의식 구조와 생활세계를 재구성함으로써, 온라인 커뮤니티를 외부 사회현상(공감·혐오의 양면성)을 보여주는 창으로 조명하나, 커뮤니티의 구조적·환경적 조건 자체를 분석 대상으로는 삼지 않는다.","[ROLE] 본 연구는 일베 사용자를 비롯하여 세월호 참사에 대한 혐오 담론을 생산한 집단과 공감 집단을 심층면접으로 비교 분석하므로, 온라인 커뮤니티 공간 자체의 상호작용이나 구조를 분석하는 것이 아니라 커뮤니티를 통해 포착된 '혐오 표현·정서의 확산'이라는 외부 사회현상을 창으로 삼고 있다."
2,온라인 커뮤니티 활동이 신뢰반경에 미치는 양면적 효과,ROLE_FIELD_SOCIALCAPITAL,ROLE_FIELD_SOCIALCAPITAL,ENV_COMMUNITY_SUBSCRIPTION,ENV_COMMUNITY_SUBSCRIPTION,"ENV_COMMUNITY_SUBSCRIPTION, ROLE_FIELD_SOCIALCAPITAL",OK,"ENV_COMMUNITY_SUBSCRIPTION, ROLE_FIELD_SOCIALCAPITAL","ENV_COMMUNITY_SUBSCRIPTION(0.85), ROLE_FIELD_SOCIALCAPITAL(0.88)","run1:ENV_COMMUNITY_SUBSCRIPTION(0.85),ROLE_FIELD_SOCIALCAPITAL(0.88)",True,0/1,run1:ENV_ONLINE_ANNONIMITY,False,True,True,"has_community=True role_relevant=True env_relevant=True | 이 논문은 온라인 커뮤니티 활동이 신뢰반경에 미치는 양면적 효과를 분석하여 커뮤니티가 협력과 혐오를 동시에 생산하는 사회적 '장'(ROLE_FIELD)으로 기능함을 조명하고, 동시에 회원제·비회원제 구분과 익명성 수준이라는 구조적 조건(ENV)에 따라 그 효과가 상이하게 나타나는지 비교·검증하므로 역할과 환경 둘 다 해당한다.","[ROLE] 본 논문은 온라인 커뮤니티 공간에서의 활동·소속감·익명성·회원제 구조가 낯선 타인에 대한 신뢰반경(신뢰라는 관계적 자원)을 넓히거나 좁히는 양면적 효과를 검증하는 것이므로, 커뮤니티 공간 안에서 이용자 간 신뢰 형성과 그 효과를 분석하는 장(FIELD)으로서의 SOCIALCAPITAL 역할이 부여된다. | [ENV] 회원제와 비회원제 커뮤니티 간 신뢰반경 효과의 차이를 통계적으로 검증함으로써 회원제(SUBSCRIPTION)와 익명성 수준(ANONIMITY) 코드를 부여하나, 삭제·제재·신고 등 운영체계(GOVERNANCE)나 커뮤니티의 형성·쇠퇴(LIFECYCLE)에 대한 분석은 포함되어 있지 않다."
4,청년 불안정 노동자의 자본주의 미시세계: 물류센터와 편의점의 노동체험 서사에 대한 질적 내용분석,ROLE_WINDOW_MISC,ROLE_WINDOW_MISC,,,ROLE_WINDOW_MISC,OK,ROLE_WINDOW_MISC,ROLE_WINDOW_MISC(0.85),run1:ROLE_WINDOW_MISC(0.85),True,0/1,run1:없음,False,True,True,"has_community=True role_relevant=True env_relevant=False | 이 논문은 청년 불안정 노동자들이 참여하는 온라인 커뮤니티에 게시된 노동체험 서사를 분석하여 노동통제 체제와 계급적 정체성이라는 외부 사회현상을 관찰하는 창(ROLE_WINDOW)으로 커뮤니티를 활용하나, 커뮤니티의 구조적·환경적 조건(익명성, 운영 방침, 회원제 등)에 따른 차이를 분석하지는 않는다.","[ROLE] 이 논문은 청년 불안정 노동자(물류센터·편의점 종사자)라는 온라인 커뮤니티 외부에 실체가 있는 집단의 노동통제 체제와 계급의식을 분석 대상으로 삼고, 커뮤니티에 게시된 서사만을 자료원으로 활용하는 창(WINDOW_MISC) 구조이다."
5,인터넷 커뮤니티 활동이 윤리적 소비 참여에 미치는 영향: 온라인 사회자본과 공감 경험의 역할을 중심으로,ROLE_FIELD_SOCIALCAPITAL,ROLE_FIELD_SOCIALCAPITAL,,,ROLE_FIELD_SOCIALCAPITAL,OK,ROLE_FIELD_SOCIALCAPITAL,ROLE_FIELD_SOCIALCAPITAL(0.90),run1:ROLE_FIELD_SOCIALCAPITAL(0.90),True,0/1,run1:없음,False,True,True,"has_community=True role_relevant=True env_relevant=False | 이 논문은 20~30대 청년층의 인터넷 커뮤니티 이용이 사회자본·공감 경험을 매개로 윤리적 소비 의향에 미치는 경로를 분석하여, 커뮤니티를 시민적 참여를 촉진하는 '공동체'로서의 사회적 역할(장)을 조명하지만, 회원제·익명성·운영 방침·생애주기 등 구조적·환경적 조건 자체를 비교하거나 변인으로 다루지는 않는다.","[ROLE] 이 논문은 20대-30대 청년층의 인터넷 커뮤니티 이용이 결속적·교량적 사회자본과 공감 경험을 매개로 윤리적 소비 의향에 영향을 미치는 인과 경로를 분석하는 것으로, 온라인 커뮤니티 공간 안에서 이용자 간 관계적 자원(사회자본)의 형성·효과를 직접 다루는 장(FIELD)으로서의 역할이 핵심이며, 공론장 검증이나 외부 사회현상 포착은 부차적이다."
6,게시글의 높은 추천 수는 커뮤니티 내 여론을 의미하는가?: 에펨코리아(FMkorea)의 게시글에 참여한 이용자 다양성과 추천 수의 관계,ROLE_FIELD_PUBLICSPHERE,ROLE_FIELD_PUBLICSPHERE,ENV_COMMUNITY_GOVERNANCE,ENV_COMMUNITY_GOVERNANCE,"ENV_COMMUNITY_GOVERNANCE, ROLE_FIELD_PUBLICSPHERE",OK,"ENV_COMMUNITY_GOVERNANCE, ROLE_FIELD_PUBLICSPHERE","ENV_COMMUNITY_GOVERNANCE(0.85), ROLE_FIELD_PUBLICSPHERE(0.90)","run1:ENV_COMMUNITY_GOVERNANCE(0.85),ROLE_FIELD_PUBLICSPHERE(0.90)",True,0/1,run1:없음,False,True,True,"has_community=True role_relevant=True env_relevant=True | 이 논문은 에펨코리아의 추천·비추천 투표 체계(ENV_COMMUNITY_GOVERNANCE)라는 구조적 조건이 사용자 집단 다양성과 주된 의제 형성에 미치는 영향을 분석하면서, 이를 공론장으로서 온라인 커뮤니티의 잠재력 및 한계(ROLE_FIELD_PUBLICSPHERE)로 조명하므로 역할과 환경 모두 해당한다.","[ROLE] 이 논문은 에펨코리아 추천·비추천 투표를 여론 형성 메커니즘으로 설정하고, NLP 기반 집단 식별과 참여-투표 관계를 통해 온라인 커뮤니티가 공론장의 포괄적 여론 대표성 기능을 실제로 수행하는지를 검증·평가하므로 ROLE_FIELD_PUBLICSPHERE가 부여되며, 외부 사회현상을 보여주는 창이나 이용자 간 관계적 자원 형성의 장으로서의 역할은 분석 대상이 아니다. | [ENV] 이 논문은 에펨코리아의 추천·비추천 투표 체계(커뮤니티 운영 메커니즘)가 포괄적 여론 형성에 미치는 영향을 6개 정체성 집단의 참여 패턴과 교차 분석함으로써 ENV_COMMUNITY_GOVERNANCE를 충족하나, 회원제·생애주기·익명성 비교는 다루지 않아 나머지 세 코드는 미부여이다."
7,"베버의 합리화, 인터넷 공간에서 어떻게 볼 것인가?",ERR,ERR,,,ERR,ERR,,,run1:없음,True,1/1,run1:없음,False,True,True,"has_community=False role_relevant=False env_relevant=False | 이 논문은 베버의 합리성 이론을 일반적 '인터넷에서의 인간행위'에 적용하는 이론적 조망에 그치며, 공통 관심사를 가진 사용자의 지속적 상호작용을 전제로 하는 특정 온라인 커뮤니티를 분석 대상으로 삼지 않는다.","이 논문은 베버의 합리성 이론을 일반적 '인터넷에서의 인간행위'에 적용하는 이론적 조망에 그치며, 공통 관심사를 가진 사용자의 지속적 상호작용을 전제로 하는 특정 온라인 커뮤니티를 분석 대상으로 삼지 않는다."
8,미술계 온라인 커뮤니티 연구: “네오룩 아카이브(2000-2024)”의 텍스트마이닝 분석,ROLE_WINDOW_MISC,ROLE_WINDOW_MISC,,,ROLE_WINDOW_MISC,OK,"ROLE_FIELD_PUBLICSPHERE, ROLE_WINDOW_MISC","ROLE_FIELD_PUBLICSPHERE(0.55), ROLE_WINDOW_MISC(0.75)","run1:ROLE_FIELD_PUBLICSPHERE(0.55),ROLE_WINDOW_MISC(0.75)",True,0/1,run1:ROLE_FIELD_SOCIALCAPITAL,False,False,True,"has_community=True role_relevant=True env_relevant=False | 이 논문은 미술계 온라인 커뮤니티 '네오룩'의 아카이브를 토픽 모델링으로 분석하여 동시대 미술계 지형을 탐색하는 창(ROLE_WINDOW)으로 활용하고, 커뮤니티가 다양한 주체가 교차하는 공론장이자 협력망이라는 사회적 역할(ROLE_FIELD_PUBLICSPHERE)을 규명하되, 회원제·운영 방침·생애주기 등 구조적·환경적 조건에 따른 차이나 변화를 분석하지는 않는다.","[ROLE] 본 연구는 온라인 커뮤니티 '네오룩'의 토픽 모델링을 통해 동시대 미술계의 지형(회화 확장·사진 약세·개인 서사 확대 등)을 탐색하는 WINDOW_MISC 기능이 주된 목적이나, 동시에 커뮤니티가 다양한 주체가 교차하는 공론장이자 협력망이라는 FIELD적 역할도 함께 규명하고 있어 WINDOW와 FIELD가 동시에 부여됨."
9,한국 결혼식 문화 속에서 개인과 가족의 인상 관리와 감정 수행성 체계: 온라인 커뮤니티 사례를 중심으로,ERR,ERR,,,ERR,ERR,,,run1:없음,True,1/1,run1:없음,False,True,True,"has_community=True role_relevant=False env_relevant=False | 이 논문은 한국 결혼식 문화에서 일어나는 역할 대행 현상을 인상 관리와 감정 수행성 관점에서 분석하는 오프라인 사회현상 연구로, 본문 어디에도 온라인 커뮤니티가 분석 대상이나 연구 재료로 등장하지 않는다.","이 논문은 한국 결혼식 문화에서 일어나는 역할 대행 현상을 인상 관리와 감정 수행성 관점에서 분석하는 오프라인 사회현상 연구로, 본문 어디에도 온라인 커뮤니티가 분석 대상이나 연구 재료로 등장하지 않는다."
10,극우주의의 프레임과 감정 정치: 언어네트워크방법론을 통한 일베커뮤니티 분석,ROLE_WINDOW_HATE,ROLE_WINDOW_HATE,ROLE_WINDOW_POLARIZE,ROLE_WINDOW_POLARIZE,"ROLE_WINDOW_HATE, ROLE_WINDOW_POLARIZE",OK,"ROLE_WINDOW_HATE, ROLE_WINDOW_POLARIZE","ROLE_WINDOW_HATE(0.90), ROLE_WINDOW_POLARIZE(0.70)","run1:ROLE_WINDOW_HATE(0.90),ROLE_WINDOW_POLARIZE(0.70)",True,0/1,run1:ROLE_WINDOW_GENDER,False,True,True,"has_community=True role_relevant=True env_relevant=False | 이 논문은 일베 커뮤니티의 게시물을 분석하여 극우 집단의 도덕 프레임과 혐오 감정 확산 과정을 살펴봄으로써, 온라인 커뮤니티를 한국사회의 극우화·분열 현상을 읽는 창(ROLE_WINDOW_MISC)으로 활용하나, 커뮤니티의 회원제·익명성·운영 방침 등 구조적 환경 조건이 분석에 미치는 차이는 다루지 않는다.","[ROLE] 이 논문은 일베 커뮤니티를 극우 집단의 타자화·혐오 확산 현상을 포착하는 창으로 활용하되, 정치-이념적 프레이밍(충성/배신)과 남녀 대결구도 재편성을 통해 양극화 및 젠더 갈등 현상까지 함께 보여주므로 WINDOW 계열에서 HATE가 주축이 되고 POLARIZE·GENDER가 보조적으로 부여된다."
12,네트워크 시대의 인터넷 정치참여: 탄핵정국 디시인사이드 정치토론 게시판을 중심으로,ROLE_FIELD_PUBLICSPHERE,ROLE_FIELD_PUBLICSPHERE,,,ROLE_FIELD_PUBLICSPHERE,OK,ROLE_FIELD_PUBLICSPHERE,ROLE_FIELD_PUBLICSPHERE(0.65),run1:ROLE_FIELD_PUBLICSPHERE(0.65),True,0/1,run1:없음,False,True,True,"has_community=True role_relevant=True env_relevant=False | 이 논문은 디시인사이드 정치토론 게시판을 2004년 탄핵정국 중 정치참여가 이루어지는 '장'으로서 분석하여 네트워크 정치참여의 활성화·주체 보편화·방식 다양화 등 공론장 기능(ROLE)을 조명하나, 회원제·제재·익명성·생애주기 등 커뮤니티의 구조적·환경적 조건을 변수로 다루지 않으므로 env_relevant는 false이다.","[ROLE] 본 논문은 2004년 탄핵정국을 배경으로 디시인사이드 정치토론 게시판이라는 온라인 공간 자체가 네트워크형 정치참여를 가능하게 하고 민주주의 학습장의 역할을 수행하는지, 즉 공론장으로서의 기능을 평가하는 FIELD 계열 분석이므로 ROLE_FIELD_PUBLICSPHERE를 부여하며, 탄핵 정국이라는 외부 사건을 창으로 보는 WINDOW 해석은 연구의 초점이 공간의 참여 촉진 효과에 있으므로 미부여한다."
13,메갈리아의 두 딸들: 익명성 수준에 따른 온라인 커뮤니티의 정체성 분화,ENV_ONLINE_ANNONIMITY,ENV_ONLINE_ANNONIMITY,ENV_COMMUNITY_LIFECYCLE,ENV_COMMUNITY_LIFECYCLE,"ENV_COMMUNITY_LIFECYCLE, ENV_ONLINE_ANNONIMITY",OK,"ENV_COMMUNITY_LIFECYCLE, ENV_ONLINE_ANNONIMITY","ENV_COMMUNITY_LIFECYCLE(0.85), ENV_ONLINE_ANNONIMITY(0.90)","run1:ENV_COMMUNITY_LIFECYCLE(0.85),ENV_ONLINE_ANNONIMITY(0.90)",True,0/1,run1:없음,False,True,True,"has_community=True role_relevant=True env_relevant=True | 이 논문은 메갈리아라는 온라인 커뮤니티의 정체성 분화와 내부 갈등을 분석 대상으로 삼아 커뮤니티 공간 자체의 사회적 역할(장)을 조명하는 동시에, 완전익명과 부분익명이라는 익명성 수준에 따른 담론·갈등 양상의 차이를 비교함으로써 커뮤니티의 구조적·환경적 조건(ENV)을 핵심 분석 변수로 삼고 있다.","[ROLE] 본 연구는 메갈리아라는 온라인 커뮤니티 공간 안에서 익명성 수준이라는 구조적 여건이 이용자 간 정체성 형성과 상호작용 양상, 내부 갈등 및 커뮤니티 생애주기에 미치는 영향을 NLP로 분석하는 것이므로 FIELD 계열에 가깝지만, 핵심이 '정체성 형성' 서술이므로 SOCIALCAPITAL의 배제 조항에 해당하고, 공론장 기능 검증도 아니어서 6개 코드 모두 0.5 미만에 그친다. | [ENV] 메갈리아의 2015–2016 전체 생애를 추적하여 성소수자 논쟁→대거 이탈·쇠퇴로 이어지는 단계 변화를 분석하고, 완전익명·부분익명 두 조건을 놓고 담론 분화를 비교하였으므로 LIFECYCLE과 ANNONIMITY 코드를 부여하며, 회원제·운영체계는 다루지 않아 나머지 두 코드는 미부여로 판단한다."
14,온라인 커뮤니티의 상호작용 의례: 자전거 커뮤니티 사례를 중심으로,ROLE_FIELD_SOCIALCAPITAL,ROLE_FIELD_SOCIALCAPITAL,,,ROLE_FIELD_SOCIALCAPITAL,OK,ROLE_FIELD_SOCIALCAPITAL,ROLE_FIELD_SOCIALCAPITAL(0.85),run1:ROLE_FIELD_SOCIALCAPITAL(0.85),True,0/1,run1:없음,False,True,True,"has_community=True role_relevant=True env_relevant=False | 이 논문은 온라인 자전거 커뮤니티를 콜린스·고프먼의 상호작용 의례 이론으로 분석하여 결사로서 커뮤니티의 사회적 역할(장)을 밝히는 것을 목적으로 하나, 회원제·익명성·운영 방침·생애주기 등 구조적·환경적 조건에 따른 차이·비교·변화를 다루지 않으므로 env_relevant는 false이다.","[ROLE] 본 연구는 온라인 자전거 커뮤니티라는 공간 안에서 회원들 간 유대·정서적 에너지·협력적 작업 등 관계적 자원이 어떻게 형성·유지·회복되는지를 결사(fraternal) 형성의 관점에서 분석하므로, 커뮤니티 공간 내 이용자 간 연결의 존재와 효과를 다루는 장(FIELD)으로서의 사회자본(SOCIALCAPITAL) 역할에 해당한다."
15,온라인 커뮤니티의 사회적 자본과 제도: 디시인사이드 바람의 화원/바람의 나라 갤러리를 중심으로,ROLE_FIELD_SOCIALCAPITAL,ROLE_FIELD_SOCIALCAPITAL,,,ROLE_FIELD_SOCIALCAPITAL,OK,ROLE_FIELD_SOCIALCAPITAL,ROLE_FIELD_SOCIALCAPITAL(0.95),run1:ROLE_FIELD_SOCIALCAPITAL(0.95),True,0/1,run1:없음,False,True,True,"has_community=True role_relevant=True env_relevant=False | 이 논문은 두 온라인 커뮤니티를 비교하여 사회적 자본이 제도의 재생산에 미치는 영향을 실증 분석함으로써, 온라인 커뮤니티 공간 자체의 사회적 역할(장)을 분석 대상으로 삼고 있으나, 회원제·익명성·운영 방침·생애주기 등 구조적·환경적 조건 자체를 비교·분석하는 것은 아니다.","[ROLE] 본 논문은 퍼트남의 사회적 자본 개념을 온라인 커뮤니티에 적용하여, 이용자 간 신뢰·네트워크·연대 등 관계적 자원의 존재와 강도가 커뮤니티 제도의 재생산에 미치는 효과를 실증적으로 검증하는 것이므로, 온라인 커뮤니티 공간 내부의 관계적 자원 형성과 그 효과를 분석 대상으로 하는 FIELD 계열의 SOCIALCAPITAL에 해당한다."
16,한국사회의 젠더갈등과 감정동학: 2022년 대선 여성가족부 폐지 담론을 중심으로,ROLE_WINDOW_GENDER,ROLE_WINDOW_GENDER,,,ROLE_WINDOW_GENDER,OK,ROLE_WINDOW_GENDER,ROLE_WINDOW_GENDER(0.85),run1:ROLE_WINDOW_GENDER(0.85),True,0/1,run1:없음,False,True,True,"has_community=True role_relevant=True env_relevant=False | 이 논문은 20-30대 여성 온라인 커뮤니티 더쿠를 분석 대상으로 삼아 젠더갈등의 감정동학을 관찰하므로 커뮤니티가 존재하며, 커뮤니티 내 사회적 드라마(위반-위기-교정-재통합)를 통해 젠더갈등이라는 외부 사회현상을 보여주는 창이자, 정체성 재구성·동질감 공유·정치적 의견 개진이 이루어지는 장으로 조명되나, 커뮤니티의 구조적·환경적 조건(회원제, 익명성, 운영 방침 등)에 따른 차이·비교·변화를 분석하지 않으므로 env_relevant는 false이다.","[ROLE] 이 논문은 한국사회의 젠더갈등이라는 외부 사회현상을 20-30대 여성 온라인 커뮤니티(더쿠)를 통해 관찰·분석하는 것이므로, 온라인 커뮤니티는 젠더갈등을 보여주는 창(ROLE_WINDOW_GENDER)으로 기능하며, 커뮤니티 내부의 정체성·동질성 서술도 젠더갈등 드라마의 일부로서 서술되어 FIELD 계열로는 독립적 근거가 부족하다."
17,젠더 게임 해부하기: 정치적 부족주의에 입각한 반동의 정치에 대한 비판,ROLE_WINDOW_GENDER,ROLE_WINDOW_GENDER,ROLE_WINDOW_HATE,ROLE_WINDOW_HATE,"ROLE_WINDOW_GENDER, ROLE_WINDOW_HATE",OK,"ROLE_WINDOW_GENDER, ROLE_WINDOW_HATE","ROLE_WINDOW_GENDER(0.85), ROLE_WINDOW_HATE(0.75)","run1:ROLE_WINDOW_GENDER(0.85),ROLE_WINDOW_HATE(0.75)",True,0/1,run1:없음,False,True,True,"has_community=True role_relevant=True env_relevant=False | 이 논문은 2030 남성들의 정치적 부족주의와 젠더 게임 현상을 분석하는 데 온라인 커뮤니티를 그 현상이 발현되는 사례(창)로 활용하며, 메아리방 효과나 동종선호는 일반적 네트워크 현상으로 서술될 뿐 커뮤니티 고유의 구조적·운영적 조건(회원제, 익명성, 제재 방식, 생애주기 등)의 비교나 차이를 분석하지 않으므로 env는 false이다.","[ROLE] 본 논문은 '젠더 게임'이라 명명하는 젠더 갈등 현상과 반여성주의적 백래시·혐오의 비즈니스화·정치화라는 외부 사회현상을 온라인 커뮤니티를 통해 포착·분석하는 창(WINDOW)으로 활용하며, 공론장 검증이나 이용자 간 관계적 자원 형성이라는 장(FIELD) 차원의 분석은 수행하지 않는다."
18,모성의 의료화: 맘카페의 모유수유 담론을 중심으로,ROLE_WINDOW_MISC,ROLE_WINDOW_MISC,,,ROLE_WINDOW_MISC,OK,ROLE_WINDOW_MISC,ROLE_WINDOW_MISC(0.75),run1:ROLE_WINDOW_MISC(0.75),True,0/1,run1:없음,False,True,True,"has_community=True role_relevant=True env_relevant=False | 이 논문은 맘카페를 어머니들이 주관적 경험과 지식을 표현·공유하며 독자적 용어를 생산하는 '장'으로서의 사회적 역할을 분석 대상으로 삼고 있으나, 회원제·운영·제재·익명성 등 구조적·환경적 조건을 고려하지 않는다.","[ROLE] 본 논문은 맘카페를 데이터 소스로 활용하여 '모성의 의료화'라는 온라인 커뮤니티 밖에도 존재하는 사회현상을 관찰하는 창(WINDOW_MISC)으로 사용하며, 커뮤니티 안에서의 이용자 간 지식 공유·용어 생산을 부차적으로 언급하나 그 관계적 효과의 체계적 분석은 이루어지지 않아 장(FIELD) 계열 코드는 미부여된다."
19,혐오와 혐오가 만날 때: 온라인 커뮤니티에 나타난 정치 혐오 및 사회 혐오 키워드의 결합에 대한 분석,ROLE_WINDOW_HATE,ROLE_WINDOW_HATE,ROLE_WINDOW_POLARIZE,ROLE_WINDOW_POLARIZE,"ROLE_WINDOW_HATE, ROLE_WINDOW_POLARIZE",OK,ROLE_WINDOW_HATE,ROLE_WINDOW_HATE(0.90),run1:ROLE_WINDOW_HATE(0.90),True,0/1,run1:없음,False,False,False,"has_community=True role_relevant=True env_relevant=False | 이 논문은 11개 주요 온라인 커뮤니티의 게시글을 혐오 담론 분석의 자료로 수집하여, 정치적 양극화·외국인 혐오·젠더/세대 혐오 등 외부 사회현상이 커뮤니티라는 '창'으로 어떻게 교차·증폭되는지를 보여주므로 role_relevant이나, 커뮤니티의 회원제·익명성·운영 방침 등 구조적·환경적 조건을 비교하거나 그 차이에 따른 변화를 검토하지 않으므로 env_relevant는 아니다.","[ROLE] 이 논문은 11개 온라인 커뮤니티의 혐오 키워드 게시글을 빅데이터로 수집·분석하여 혐오의 축(정치·세대·민족·젠더)이 어떻게 교차·결합·증폭되는지를 파악함으로써, 온라인 커뮤니티를 바깥 사회에 퍼져 있는 혐오 표현·정서 확산 현상을 포착하는 창(ROLE_WINDOW_HATE)으로 사용한다."
20,뉴노멀 시대에 한국교회의 변화와 전망: 온라인 공동체를 중심으로,ERR,ERR,,,ERR,OK,ROLE_WINDOW_MISC,ROLE_WINDOW_MISC(0.65),run1:ROLE_WINDOW_MISC(0.65),True,0/1,run1:없음,False,False,False,"has_community=True role_relevant=True env_relevant=False | 이 논문은 코로나 이후 개신교 신자들의 인식 변화를 살펴보고 온라인 공동체 및 소그룹 활동을 통해 신앙공동체를 이룰 가능성을 논의하고 있으나, 온라인 커뮤니티의 구조적·환경적 조건(회원제, 운영 방식, 익명성 등)을 비교·분석하지는 않으므로 역할 조명에는 해당하나 환경 조명에는 해당하지 않는다.","[ROLE] 본 논문은 온라인 커뮤니티를 분석하는 공간 자체가 아니라, 코로나 이후 종교공동체의 디지털 전환과 신앙공동체 유지 방식이라는 외부 사회현상을 조명하는 창(Window)으로 사용하며, 그 내용은 정치적 양극화·젠더·혐오가 아닌 종교공동체 적응(MISC)에 해당한다."
21,비대면 상황에서의 온라인 커뮤니티 활동이 삶 만족도에 미치는 영향: 코로나19 이전(2017년)과 이후(2021년) 비교를 중심으로,ROLE_FIELD_SOCIALCAPITAL,ROLE_FIELD_SOCIALCAPITAL,,,ROLE_FIELD_SOCIALCAPITAL,OK,ROLE_FIELD_SOCIALCAPITAL,ROLE_FIELD_SOCIALCAPITAL(0.75),run1:ROLE_FIELD_SOCIALCAPITAL(0.75),True,0/1,run1:없음,False,True,True,"has_community=True role_relevant=True env_relevant=False | 이 논문은 온라인 커뮤니티 활동을 사회적 자본 축적과 삶의 만족도 향상에 기여하는 '장'으로 조명하여, 비대면·대면 시기 비교를 통해 온라인 커뮤니티가 인적 네트워크와 사회자본을 형성하는 사회적 역할을 실증적으로 분석하지만, 커뮤니티의 구조적·환경적 조건(회원제, 익명성, 운영 방침 등)에 따른 차이·비교는 다루지 않는다.","[ROLE] 이 논문은 온라인 커뮤니티 공간에서의 결속적 참여가 이용자 간 인적 네트워크·사회자본을 축적하고 삶의 만족도로 이어지는지를 실증적으로 검증함으로써, 커뮤니티 공간 자체가 관계적 자원 형성의 장(장)으로서 기능하는지를 분석한다."
23,유아교사의 디지털역량 강화를 위한 교육 프로그램 개발,ERR,ERR,,,ERR,ERR,,,run1:없음,True,1/1,run1:없음,False,True,True,"has_community=False role_relevant=False env_relevant=False | 이 논문은 유아교사 디지털역량 교육 프로그램 개발을 연구 목적으로 하며, 온라인 커뮤니티는 프로그램 운영의 전달 수단(플랫폼)으로만 언급될 뿐, 그 자체의 구조·역할·환경을 분석 대상으로 삼지 않는다.","이 논문은 유아교사 디지털역량 교육 프로그램 개발을 연구 목적으로 하며, 온라인 커뮤니티는 프로그램 운영의 전달 수단(플랫폼)으로만 언급될 뿐, 그 자체의 구조·역할·환경을 분석 대상으로 삼지 않는다."
24,성별영향평가를 통한 김포한강신도시의 여성친화도시 계획수립에 관한 연구,ERR,ERR,,,ERR,ERR,,,run1:없음,True,1/1,run1:없음,False,True,True,"has_community=True role_relevant=False env_relevant=False | 이 논문은 김포한강신도시의 성별영향평가와 여성친화도시 계획요소를 다루는 도시계획·성평등 연구로, 온라인 커뮤니티를 분석 대상이나 연구 재료로 삼지 않으므로 커뮤니티가 존재하지 않는다.","이 논문은 김포한강신도시의 성별영향평가와 여성친화도시 계획요소를 다루는 도시계획·성평등 연구로, 온라인 커뮤니티를 분석 대상이나 연구 재료로 삼지 않으므로 커뮤니티가 존재하지 않는다."
25,넷노그래피를 활용한 성경의 핵심어 네트워크 분석,ERR,ERR,,,ERR,ERR,,,run1:없음,True,1/1,run1:없음,False,True,True,"has_community=True role_relevant=False env_relevant=False | 이 논문의 분석 대상은 온라인 성경 66권의 텍스트이며, '온라인 커뮤니티를 연구하는 질적 방법론인 넷노그래피'라는 표현은 방법론 명칭 서술에만 그치고 실제 분석 대상이 되는 온라인 커뮤니티가 존재하지 않으므로, 커뮤니티가 연구의 대상이나 분석 재료로 기능하지 않는다.","이 논문의 분석 대상은 온라인 성경 66권의 텍스트이며, '온라인 커뮤니티를 연구하는 질적 방법론인 넷노그래피'라는 표현은 방법론 명칭 서술에만 그치고 실제 분석 대상이 되는 온라인 커뮤니티가 존재하지 않으므로, 커뮤니티가 연구의 대상이나 분석 재료로 기능하지 않는다."
26,온라인 커뮤니티의 신뢰형성이 구매의도에 미치는 영향,ROLE_FIELD_SOCIALCAPITAL,ROLE_FIELD_SOCIALCAPITAL,,,ROLE_FIELD_SOCIALCAPITAL,OK,ROLE_FIELD_SOCIALCAPITAL,ROLE_FIELD_SOCIALCAPITAL(0.82),run1:ROLE_FIELD_SOCIALCAPITAL(0.82),True,0/1,run1:없음,False,True,True,"has_community=True role_relevant=True env_relevant=False | 이 논문은 온라인 커뮤니티의 신뢰형성 요인(명성, 사회적 실재감, 즐거움)과 구매의도 간 관계를 분석하여 커뮤니티가 신뢰와 구매를 매개하는 '장'으로서의 역할을 조명하지만, 회원제·운영·제재·익명성·생애주기 등 구조적·환경적 조건을 비교·분석하지는 않는다.","[ROLE] 이 논문은 온라인 커뮤니티 공간 안에서 이용자 간 신뢰 형성을 매개하는 관계적 자원(명성, 사회적 실재감, 즐거움)의 요인과 그 효과를 분석하므로, 커뮤니티 자체를 장(FIELD)으로 보고 그 내부의 신뢰·연대 메커니즘을 다룬 ROLE_FIELD_SOCIALCAPITAL에 부여한다."
27,사용자간 상호작용성(User-to-User Interactivity)의 측정을 위한 척도 개발과 검증:온라인 브랜드 커뮤니티를 대상으로,ROLE_FIELD_SOCIALCAPITAL,ROLE_FIELD_SOCIALCAPITAL,,,ROLE_FIELD_SOCIALCAPITAL,ERR,,,run1:없음,True,1/1,run1:없음,False,False,False,"has_community=False role_relevant=False env_relevant=False | 이 논문은 사용자간 상호작용성(User-to-User Interactivity) 측정 척도를 개발·검증하는 방법론 연구이며, '커뮤니티 태도'는 척도 타당도 검증의 결과변인으로만 언급될 뿐 온라인 커뮤니티 자체를 분석 대상으로 삼지 않는다.","이 논문은 사용자간 상호작용성(User-to-User Interactivity) 측정 척도를 개발·검증하는 방법론 연구이며, '커뮤니티 태도'는 척도 타당도 검증의 결과변인으로만 언급될 뿐 온라인 커뮤니티 자체를 분석 대상으로 삼지 않는다."
28,장애대학생의 개인심리 변인에 따른 역량 영향,ERR,ERR,,,ERR,ERR,,,run1:없음,True,1/1,run1:없음,False,True,True,"has_community=False role_relevant=False env_relevant=False | 이 논문에서 온라인 커뮤니티는 장애대학생 설문조사 대상자 모집의 통로로서만 언급될 뿐, 공통 관심사·지속적 상호작용·관계 형성을 특징으로 하는 디지털 공간으로서 분석 대상이 되지 않으므로 커뮤니티 존재 여부가 성립하지 않는다.","이 논문에서 온라인 커뮤니티는 장애대학생 설문조사 대상자 모집의 통로로서만 언급될 뿐, 공통 관심사·지속적 상호작용·관계 형성을 특징으로 하는 디지털 공간으로서 분석 대상이 되지 않으므로 커뮤니티 존재 여부가 성립하지 않는다."
29,‘엄마표 영어’담론 분석:토픽모델링과 감성분석의 적용,ROLE_WINDOW_MISC,ROLE_WINDOW_MISC,,,ROLE_WINDOW_MISC,OK,ROLE_WINDOW_MISC,ROLE_WINDOW_MISC(0.85),run1:ROLE_WINDOW_MISC(0.85),True,0/1,run1:없음,False,True,True,"has_community=True role_relevant=True env_relevant=False | 이 논문은 온라인 육아 커뮤니티의 게시글을 분석 대상으로 삼아 엄마표 영어 담론의 주제와 감성을 추출하므로, 커뮤니티는 엄마표 영어라는 사회현상을 드러내는 '창'으로 기능하나, 커뮤니티의 구조적·환경적 조건(회원제, 익명성, 운영방침 등)에 따른 차이·비교·변화는 다루지 않는다.","[ROLE] 본 연구는 온라인 육아 커뮤니티를 데이터 소스로 삼아 '엄마표 영어'라는 broader 교육·문화 실천 담론을 토픽모델링·감성분석으로 분류하는 것이므로, 커뮤니티 공간 자체의 역할 분석(FIELD)이 아니라 커뮤니티를 통해 포착되는 외부 사회현상(영유아 영어교육·모성 부담)을 보여주는 WINDOW_MISC에 해당한다."
30,온라인 탐구환경에서의 학습경험: 효과적인 탐구학습 설계를 위한 시사,ERR,ERR,,,ERR,ERR,,,run1:없음,True,1/1,run1:없음,False,True,True,"has_community=True role_relevant=False env_relevant=False | 이 논문은 대학 혼합형 강의에서 온라인 탐구학습의 설계와 학습자 경험을 분석하는 것으로, 온라인 교육 매체로서의 학습 플랫폼을 다루고 있을 뿐, 공통 관심사를 가진 사용자가 지속적으로 상호작용하며 관계를 형성하는 온라인 커뮤니티를 분석 대상으로 삼지 않으므로 커뮤니티 존재 여부가 성립하지 않는다.","이 논문은 대학 혼합형 강의에서 온라인 탐구학습의 설계와 학습자 경험을 분석하는 것으로, 온라인 교육 매체로서의 학습 플랫폼을 다루고 있을 뿐, 공통 관심사를 가진 사용자가 지속적으로 상호작용하며 관계를 형성하는 온라인 커뮤니티를 분석 대상으로 삼지 않으므로 커뮤니티 존재 여부가 성립하지 않는다."
