focus,class1,class2,id,author,published_year,title,journal,abstract
"> 주제 : 이 논문은 세월호 참사를 중심으로 한국사회의 공감과 혐오 해석을 주제로 하여 연구한다.
> 온라인 커뮤니티 : 이를 위해 온라인 커뮤니티를 한국사회에서의 혐오담론을 해석하기 위한 창으로  삼아 연구한다.",ROLE_WINDOW_HATE,,1,강태수·신진욱,2019,세월호 ‘노란 리본’과 일베의 ‘폭식 투쟁’: 공감과 혐오의 전형성과 그 비전형적 생활세계,문화와 사회,"‘노란 리본’과 ‘폭식 투쟁’이 상징하는 세월호 참사에 대한 두 반응은 한국사  회가 공감과 혐오라는 두 얼굴을 함께 갖고 있다는 사실을 보여줬다. 이 논문은 세월호 참사의 희생자와 유가족들에 대한 공감과 혐오를 각각 집약적으로 보여 준 사람들의 전형적인 의식 구조와 생활세계의 기초를 해석적으로 재구성하고 자 시도했다. 그것을 위해서 이 연구는 한편으로 세월호 참사의 기억과 진상규 명을 목적으로 하는 운동에 참여했던 사람들과, 다른 한편으로 「일베」 사용자들 을 비롯하여 세월호 참사의 쟁점화에 반대하여 혐오 담론을 생산한 사람들을 대 상으로 심층면접을 실시했다. 주요 관심은 이들의 주된 관심과 행위동기가 무엇 이었는지, 이들은 각각 어떤 가치관과 세계관의 구조를 보여주는지, 어떤 개인적 생애경험의 서사로써 세월호 사건에 대한 자신의 태도를 설명하고 정당화하는 지를 비교하는 것이다. 연구결과는 ‘노란 리본’과 ‘폭식 투쟁’이 단순히 세월호 사건에 대한 상반된 의견을 반영하는 것이 아니라, 보다 근본적으로 사건 발생과 유가족들에 대한 관심 여부, 이 참사를 둘러싼 사회적 쟁점을 이해하려는 의 지 여부, 사회와 타인의 의미에 관한 가치관과 그에 연결된 생애서사의 구조적 차이에 관련되어 있음을 보여준다. 그와 동시에 이 연구는 두 면접참여자 집단 모두, 그 생활세계의 심층에는 양면적 잠재성을 가진 복잡한 체험적 배경이 있 었고 새로운 삶의 경험들을 통해 정체성의 변화를 경험해왔다는 것을 발견했다."
"> 주제 : 이 논문은 온라인 커뮤니티 활동이 신뢰반경에 미치는 효과와, 커뮤니티 내 익명성 수준에 따라서 각 효과정도에 차이가 있는지를 주제로 하여 연구한다.
> 온라인 커뮤니티 : 이를 위해 온라인 커뮤니티를 연구의 대상으로 삼아 연구한다.",ROLE_FIELD_SOCIALCAPITAL,ENV_ONLINE_ANNONIMITY,2,김경준,2023,온라인 커뮤니티 활동이 신뢰반경에 미치는 양면적 효과,한국사회학,"본 논문은 온라인 커뮤니티 활동이 신뢰반경에 미치는 양면적 효과를 경험적으로 확인하고 커뮤니티 의 익명성 수준에 따라 각 효과의 정도에 차이가 있는지 검증하는 것을 목적으로 한다. 온라인 공간에 서 오프라인과 같은 일반화된 협력이 발생하기도 하지만, 특정 집단에 대한 혐오가 만연한 것 또한 관 찰된다. 온라인 공간이 가진 양면적인 특성은 이용자에게도 양면적 영향을 줄 수 있다. 특히, 온라인 커뮤니티는 오프라인에서 알지 못하는 낯선 타인과 접촉하는 공간이라는 점에서 신뢰반경을 넓히는 효과와 좁히는 효과가 공존할 수 있다. 또한, 익명성 수준에 따라 해당 커뮤니티의 규범과 탈개인화 정도가 달라질 수 있어 커뮤니티 유형에 따라 양면적 효과가 다르게 나타날 수 있다. 이를 확인하기 위해 온라인 조사를 통해 수집된 1,104명의 온라인 커뮤니티 사용자를 대상으로 매개효과 분석과 조 절된 매개효과 분석을 수행하였다. 분석 결과, 온라인 커뮤니티 활동은 온라인 커뮤니티 소속감을 높 여 낯선 사람에 대한 사회적 거리감을 낮추게 되며, 그 결과 신뢰반경을 넓힌다. 또한, 온라인 커뮤니 티 활동이 낯선 사람에 대한 사회적 거리감에 부정적 영향을 주어 신뢰반경을 좁히는 결과도 확인되었 다. 조절된 매개효과 결과, 신뢰반경을 넓히는 간접효과는 회원제 커뮤니티에서만 통계적으로 유의미 한 것으로 나타났다. 요약하자면, 회원제 커뮤니티는 양면적 효과가 상쇄되지만, 비회원제 커뮤니티에 서는 부정적 효과가 더 크다. 본 연구는 온라인 커뮤니티에서 이뤄지는 일탈 현상을 억제하고 공동체 로써의 역할을 촉진하기 위한 요인에 관해 확인하였다는 의의가 있다."
"> 주제 : 이 논문은 청년 남성의 보수화가 담론을 검토를 주제로 하여 하여 연구한다.
> 온라인 커뮤니티 : 이를 위해 온라인 커뮤니티를  극우 담론을 이해하는 창으로 삼아 연구한다.",ROLE_WINDOW_POLARIZE,,3,김선기,2025,펨코의 바깥을 탐색하기 위한 시론: 이준석-청년남성-온라인커뮤니티 결합의 균열을 상상하기,문화와 사회,"이 글은 이준석(정치인)–청년남성(유권자)–온라인커뮤니티(미디어플랫폼)라는 세 주체의 강고한 결합을 중심으로 상상되고 있는 청년 남성의 보수화, 극우화 담론을 비판적으로 재검토하기 위해 쓰였다. 이준석-청년남성-온라인커뮤니티 의 결합체로 여겨지는 ‘펨코’의 바깥을 탐색하기 위해, 기존 논의 자료를 모아 검토하고, 간단한 벤 다이어그램을 도구로 삼아 후속 연구와 담론을 통해 어떤 세부 주제들이 더 탐구될 필요가 있는지를 확인해 보고자 했다. 향후의 연구 방 향과 관련해 크게 다섯 가지 논의를 전개하였다. 첫째, ‘펨코’보다는 ‘펨코적인 것’이 유통되는 더 넓은 디지털 환경에 주목하여야 한다. 둘째, ‘이대남’ 담론 자 체가 정치-사회적 구성물임을 상기하여야 한다. 셋째, 청년 남성의 정치적 가치 관 및 선호와 관련해 복잡성과 유동적 변화의 가능성을 추적하여야 한다. 넷째, 디지털 리터러시의 문제를 특정 세대나 성별에 국한되는 문제로 보지 않아야 한다. 다섯째, 이준석 스타일의 정치가 청년 남성 외에도 다른 유권자들을 포섭하 는 방향으로 재편될 가능성이 있음을 경계해야 한다."
"> 주제 : 이 논문은 노동체험의 서사를 기반으로 노동통제 체제, 노동현장에서 적대와 연대의 사회관계, 그리고 일과 일터에 대한 인식과 계급적 정체성을 고찰을 주제로 하여 하여 연구한다.
> 온라인 커뮤니티 : 이를 위해 온라인 커뮤니티를  노동체험 서사를 분석하는 창으로 삼아 연구한다.",ROLE_WINDOW_MISC,,4,김우식·신진욱,2021,청년 불안정 노동자의 자본주의 미시세계: 물류센터와 편의점의 노동체험 서사에 대한 질적 내용분석,한국사회정책,"이 연구는 청년 불안정 노동자들이 많이 참여하는 온라인 커뮤니티에 게시된 물류센터 및 편의점 종사자들 의 노동체험 서사를 분석대상으로 하여, 보울즈‧진티스의 갈등적 교환 이론과 부라보이의 생산의 정치 이론 의 관점에서 노동자들의 잉여노동을 극대화하는 노동통제 체제, 노동현장에서 적대와 연대의 사회관계, 그 리고 일과 일터에 대한 인식과 계급적 정체성을 고찰했다. 연구결과는 다음과 같다. 첫째, 물류센터의 조직 적인 육체노동에서는 전자화된 전제적 통제 체제가, 편의점의 소규모 서비스 노동에서는 비공식적인 온정 주의적 통제 체제가 잉여노동을 최대화하고 권리주장을 최소화하는 핵심 기제였다. 둘째, 생계의 긴급성으 로 인한 노동자들의 경제적 종속성은 노동과정에서의 예속성에 저항을 어렵게 만드는 근본 조건이었다. 셋 째, 노동자들은 대기업을 정점으로 하는 거시적 지배구조보다는, 일상적 노동에서 그들과 상호작용하는 현 장관리자, 편의점 사장, 소비자들과의 갈등관계 속에서 불평등 인식과 계급의식을 형성하고 있었다. 넷째, 청년 노동자들은 현재의 일과 일터, 노동자성, 미래의 전망에 대해 극히 부정적인 인식을 갖고 있었지만, 노 동자 기본권을 보호하는 법제와 국가기관의 존재는 이들의 권익추구 행동과 긍정적 자기정체성을 강화시키 는 중요한 환경으로 작용했다."
"> 주제 : 이 논문은  20대-30대 청년층의 인터넷 커뮤니티 이용이 어떤 경로들을 통해 윤리적 소비 의향에 미치는 영향을 연구한다.
> 온라인 커뮤니티 : 이를 위해 온라인 커뮤니티를 사회자본 형성의 장(결속적 사회자본과 교량적사회자본 형성의 장)으로 삼아 연구한다.",ROLE_FIELD_SOCIALCAPITAL,,5,김재우·조반석,2017,인터넷 커뮤니티 활동이 윤리적 소비 참여에 미치는 영향: 온라인 사회자본과 공감 경험의 역할을 중심으로,정보사회와 미디어,"본 연구의 목적은 20대-30대 청년층의 인터넷 커뮤니티 이용이 어떤 경로들을 통해 윤리적 소비 의향에 영향을 미치는지 규명하는 것이다. 이를 위해 온라인 패널조사 전문 기관을 통해 자료를 수집하고 인과 모형에 대한 경로분석을 수행하였다. 분석 결과에 따 르면, 인터넷 커뮤니티에서 더 적극적으로 자신을 표현하고 타인의 글에 반응할수록 온 라인상의 결속적 사회자본과 교량적 사회자본에 대한 지각 수준이 모두 높아지며 온라인 공감 경험 역시 증가한다. 한편 공감적 관심과 정서적 반응에 미치는 온라인 상호작용의 효과는 두 유형의 사회자본 중에서 교량적 사회자본에 의해서만 매개된다. 온라인상에서 다양한 정보와 의견을 접하거나 다른 지역의 일들에 관심을 가질수록 공감 경험이 많아 지며, 그 결과 윤리적 소비 참여 의도가 증진되는 경향이 발견되었다. 이와는 대조적으 로 인터넷 커뮤니티가 제공하는 ‘우리’라는 결속감과 심리적 지지에 대한 지각은 공감 경험이나 참여 의도에 영향력을 발휘하지 못했다. 계획된 행동이론과 관련된 변인들 중 에서는 과거 참여 경험과 행동의 실행 가능성에 대한 믿음의 효과가 특히 유의미하였다. 이상의 결과들은 구매‧불매운동과 착한 소비(공정무역‧친환경‧로컬상품 구입)에 대해서 교차 확인되었으며, 특히 후자의 소비 유형에서 공감 경험의 역할이 더 중요한 것으로 나타났다. 본 연구는 온라인을 통한 정보적‧감정적 교류와 인지적‧정서적 반응이 결합되 어 타인 지향적 공감을 만들어낼 때 인터넷 커뮤니티가 청년 네티즌들의 시민적 참여를 촉진할 수 있는 공동체가 될 수 있음을 시사해준다."
"> 주제 : 이 논문은  온라인 커뮤니티에서의 집단적 균등이 커뮤니티 내 주요 의제에 미치는 영향을 연구한다.
> 온라인 커뮤니티 : 이를 위해 온라인 커뮤니티를 담론 형성의 장으로 삼아 연구한다.",ROLE_FIELD_PUBLICSPHERE,,6,문기홍,2025,게시글의 높은 추천 수는 커뮤니티 내 여론을 의미하는가?: 에펨코리아(FMkorea)의 게시글에 참여한 이용자 다양성과 추천 수의 관계,한국사회학,"온라인 커뮤니티에서 게시글이나 댓글에 대한 추천·비추천 투표 체계는 사용자 다수의 판단을 가시화 하는 핵심적인 여론 형성 메커니즘이다. 그러나 많은 추천을 받은 게시글이 과연 커뮤니티 내 다양한 사용자 집단의 의견을 포괄적으로 대변하는지에 대해서는 충분히 검증되지 않았다. 이 연구는 온라인 커뮤니티 댓글을 통해 논의에 참여하는 사용자 집단의 다양성과 게시글의 추천 수 사이의 관계에 주목 함으로써, 다양한 사용자 집단의 균등하고 풍부한 참여가 커뮤니티 내 주요 의제 형성에 미치는 영향 을 체계적으로 탐색하였다. 이를 위해 한국의 온라인 커뮤니티 ‘에펨코리아(FMkorea)’의 유머 게시판 에 작성된 게시글과 댓글을 자연어 처리(Natural Language Processing)를 활용하여 분석하였다. 분 석 결과, 작성된 댓글을 기반으로 주요 관심 분야 및 커뮤니티 내 영향력의 측면에서 서로 구분되는 6개의 정체성 집단을 식별하였다. 또한 각 사용자 집단이 하나의 게시글 내에서 균등하게 논의에 참가 하거나 특정 집단의 견해가 배척되지 않을수록, 그리고 댓글 간 상호작용을 통해 이루어지는 논쟁을 주도할수록 해당 게시글의 추천 투표수가 증가하였다. 균등한 논의 참가가 추천 투표수에 미치는 효과 는 비적대적인 정치 참여 주제에서만 유의미한 반면, 다양한 집단의 견해가 균등하게 존중 받거나 논 쟁을 주도하는 경우에는 논의 주제와 상관없이 추천 투표수가 증가하였다. 분석 결과를 바탕으로 온라 인 커뮤니티의 추천 체계가 커뮤니티 내 포괄적 여론 형성에 미치는 영향과 공론장으로서 온라인 커뮤 니티가 갖는 잠재력 및 한계에 대해 논의하였다."
"> 주제 : 이 논문은 인터넷에서의 인간의 행위들이 베버의 합리성 측면에서 어떻게 이해가능한지 연구한다.
> 온라인 커뮤니티 : 이를 위해 온라인 커뮤니티를 (연구대상으로 사용하지 않는다) 연구한다.",ERR,,7,박창호,2014,"베버의 합리화, 인터넷 공간에서 어떻게 볼 것인가?",사회이론,"이 글은 인간행위의 합리성의 문제를 베버의 시각에서 접근하 면서 인터넷에서의 인간행위들이 베버의 합리성이란 측면에서 어떻게 이해가능한지를 탐색해보고자 조망한 것이다. 인간의 활동은 의미와 가치에 따라 합리적일 수 있으며, 그에 따르지 않게 되면 비합리적인 것일 수 있다. 베버는 나름대로 합리적 유형을 정립해서 인간활동의 합리적 행동에 대해 설명하면서 감정적이거나 물리적인 근거에서 나온 활동에 대해서는 합리적 이라 볼 수 없다고 보았던 것 같다. 그러면서도 궁극적으로 의 미나 목적의 실현을 위해 노력하는 것 자체가 합리성이라고 했 다. 더구나 합리화된 행위는 목적을 이루기 위한 적절한 수단을 획득하는데 따른 목표설정을 선택적으로 어떻게 하느냐와 관련 이 있다. 베버의 합리성은 행위자의 가치가 어떻게 보면 이미 주어진 것으로 물질적인 조건이나 관심에 따른 지식과는 거리 가 있다. 따라서 인터넷에서의 활동은 가치의 영역에서 본 나름 대로의 근거가 있으며 그 활동들이 화해할 수 없는 반감이나 갈 등을 내포하고 있더라도 자체의 합리성에 기반한 활동으로 이 해할 여지는 있는 것이다. 베버의 합리성이 사실 무엇인가를 주 체적으로 할 수 있다는 의미가 더 큰 것이라고 보게 된다면, 인 터넷에서의 활동은 선택적 친화력에 의해 그들만의 가치나 수 단이 작용하는 것에서 나올 수 있다. 결국 인터넷 활동의 합리 성은 근대사회의 합리성과 다르지만 상황적 맥락에서 이해하게 된다면 충분히 합리적일 수 있는 것이다."
"> 주제 : 이 논문은 온라인 커뮤니티 네오륵을 기반으로 미술계의 지형을 연구한다.
> 온라인 커뮤니티 : 이를 위해 온라인 커뮤니티를 미술계 커뮤니티를 이해하는 창으로서 연구한다.",ROLE_WINDOW_MISC,,8,배홍철,2025,미술계 온라인 커뮤니티 연구: “네오룩 아카이브(2000-2024)”의 텍스트마이닝 분석,문화와 사회,"본 연구는 미술계 온라인 커뮤니티 “네오룩(Neolook)”의 아카이브 52,111건  (2000-2024년)을 토픽 모델링 방법으로 분석하여 동시대 미술계의 지형을 탐색  하였다. 기존 미술계 논의가 대형 전시와 저명 작가에 무게를 두었다면, 본 연구 는 온라인 커뮤니티에서 일어나는 동시다발적인 움직임을 조명하였다. 잠재 디 리클레 할당 모형(LDA)을 적용하여 22개의 토픽을 도출하였고, 전시의 형식과 주제, 그리고 미술계의 지형을 살펴보았다. 분석 결과, 회화 장르의 확장과 사진 의 약세를 확인하였다. 주제의 측면에서는 사회적 의제가 감소하는 대신 개인의 서사는 확대되는 양상을 발견하였다. 그리고 미술계 커뮤니티가 대학생, 작가, 관객, 업계 실무자 등 다양한 주체들이 교차하는 공론장이자 협력망의 역할을 해왔다는 점을 알 수 있었다. 위 결과를 토대로 본 연구는 후속 작업과 대안적 방법론을 제안하면서 미술계 연구의 확장 가능성을 모색하였다."
"> 주제 : 이 논문은 한국 결혼식 문화에서 나타나는 역할 대행의 의미를 연구한다.
> 온라인 커뮤니티 : 이를 위해 온라인 커뮤니티를 한국결혼식문화를 이해하는 창으로서 연구한다.",ROLE_WINDOW_MISC,,9,서경원,2022,한국 결혼식 문화 속에서 개인과 가족의 인상 관리와 감정 수행성 체계: 온라인 커뮤니티 사례를 중심으로,사회사상과 문화,"이 연구는 오늘날 한국 결혼식 문화에서 나타나는 역할 대행이라는 현상이 갖는 의미를 개인과 가족 차원의 인상 관리와 감정 수행성의 측 면에서 고찰하였다. 결혼식에서 역할 대행은 크게 부모와 하객 역할이 있으며, 하객 역할로는 결혼 당사자뿐만 아니라 부모의 지인, 친척 등의 역할 대행이 이루어진다. 왜 한국 결혼식에서는 이러한 역할 대행이 나 타나는지 그 이유는 인상 관리 측면에서 개인과 가족 차원의 체면 지키 기와 관련되어 있다. 즉 개인 차원에서는 결혼 당사자들의 빈약한 사회 관계가 드러남에 따른 망신을 당하지 않기 위해서, 가족 차원에서는 자 기 가족이 정상가족이라는 것을 또는 가족 차원의 적절한 사회적 인맥 을 보여주기 위해서 역할 대행이 이루어지는 것이다. 이처럼 결혼식에서 는 하객이라는 사회자본과 가정환경이라는 상징자본이 중요하게 작용한 다. 그러나 이 두 가지 요건을 갖추지 못한 사람들은 결혼식에서 특정한 감정을 느끼는데 개인 차원에서는 빈약한 하객으로 인한 고독이며, 가족 차원에서는 정상(일반)가족의 형태에 속하지 못함에 따른 낙인과 편견으 로 인한 수치감이라는 감정이다. 한국 결혼식에서는 이 두 감정을 감추 는 전략으로 역할 대행을 통해서라도 남들에게 보여주고 싶은 특정한 모습을 연출하기 위해 감정 연기를 한다. 한편 이 글에서는 개인 차원에 서는 고독, 가족 차원에서는 수치감으로 설명을 하였지만, 현실 속에서 는 두 감정은 서로 밀접하게 연결되어 있다. 또한 결혼식에서 체면과 관련된 인상 관리도 개인과 가족 차원이 명확히 분리되어 있지 않고 서로 복합적으로 얽혀져 있는 것을 사례들을 통해 볼 수 있다."
"> 주제 : 이 논문은 젊은 극우 집단을 통해 타자에 대한 분노와 혐오 감정이 확산되는 과정을 연구한다.
> 결론 : 
> 온라인 커뮤니티 : 이를 위해 온라인 커뮤니티를 분노와 혐오 감정이 확산을 이해하는 창으로서 연구한다.",ROLE_WINDOW_HATE,,10,석승혜·장안식,2017,극우주의의 프레임과 감정 정치: 언어네트워크방법론을 통한 일베커뮤니티 분석,한국사회,"본 논문은 한국사회에서 젊은 극우 집단으로 지칭되는 일베를 통해 타자에 대한 분노와 혐오의 감정이 확산되는 과정을 보고자 하였다. 이를 위해 일베가 등장하는 맥락에 대해 알아보고, 불평등한 현실 속에서 수치심을 이유 있는 분노로 전환하기 위한 프레임의 생산, 그리고 다양한 사회적 위치의 사람들을 동원하기 위한 프레임 의 재편성에 대해 살펴본다. 이는 극우 집단이 어떠한 논리도 없는 비이성적인 군 중이 아니라 사회적으로 통용되는 도덕을 활용하여 감정들을 틀 짓고 그것에 공적 인 목소리를 부여하는 집단이라는 논의와 연결된다. 일베 커뮤니티의 게시물을 언 어네트워크 방법을 통해 분석한 결과, 이들은 박정희를 통해 자신의 집단의 도덕적 가치를 ‘충성(loyalty)’으로, 진보세력을 종북과 등치시키며 ‘배신(betrayal)’으로 프레 이밍하며 타자화한다. 나아가 일베는 자신들의 사회운동을 확장하기 위해 남녀 간 대결구도로 프레임을 재편성하는데, 자신들을 사회적 변동 과정에서 생성된 피해 자인 반면 여성들은 무임승차하고 특권을 누려온 집단으로 묘사함으로써 배려 (care)와 공정성(fairness)의 도덕을 동원한다. 전통과 영광된 과거의 재건을 열망하 는 이들의 도덕 프레임은 기득권의 지배 질서에 동화되어 타자에 대한 분노와 혐 오를 생산한다는 점에서 왜곡된 반발의 형식임은 분명하다. 그럼에도 유동적인 근 대의 불안과 불평등에서 무력감과 그로 인한 수치심을 내재한 집단들이 증가하는 현실은 일베의 도덕 프레임에 공명하며 사회적 갈등과 분열이 확산되고 증폭될 위 험성을 갖는다."
"> 주제 : 이 논문은 갓생세대의 장원영을 컨텐츠로 소비하는 팬덤의 윤리적 주체화와 감정정치, 신자유주의적 통치성과 상호접속하는지 연구한다.
> 온라인 커뮤니티 : 이를 위해 온라인 커뮤니티를 장원영을 소비하는 팬덤을 이해하는 창으로서 연구한다.",ROLE_WINDOW_MISC,,11,석승혜·유승호,2025,윤리적 매개자로서 셀러브리티와 팬덤의 감정 정치: 갓생 세대의 장원영 소비하기,문화와 사회,"본 연구는 갓생 세대의 장원영 소비를 통해, 윤리적 주체화와 감정 정치, 그 리고 신자유주의적 통치성이 어떻게 상호 접속하는지를 분석하고자 했다. 이는 최근 셀러브리티에 대한 사회적 요구가 문화정치의 대리인을 넘어서 정서적ᆞ 도덕적 지도자의 역할로 확장되고 있는 현상에 주목한 것이다. 분석을 위해 청 년세대가 활발히 활동하는 더쿠, 디시인사이드, 네이트판 등의 온라인 커뮤니티 를 분석 대상으로 설정하고, 해당 게시글을 중심으로 담론 분석을 수행하였다. 연구 결과는 다음과 같다. 첫째, ‘원영적 사고’는 갓생세대의 자기지향적 윤리적 실천을 재현하는 존재로 기능하였으며, 팬덤은 이를 자기절제, 성실, 멘탈 관리 등으로 재정의하여 일상적 윤리 실천의 모델로 내면화하였다. 둘째, 팬덤 내부에 서 감정은 실천의 지속성을 보장하는 동력으로 작동하며, 위계와 규범적 기대를 형성하였다. 아는 팬덤의 감정정치가 개인의 정체성 놀이를 넘어, 윤리적 실천과 자부심, 규범화 과정을 통해 집단적 질서와 위계를 구성하는 방식으로 확장되고 있음을 의미한다. 셋째, 장원영 팬덤의 윤리적 위계는 팬덤 외부와의 갈등을 야 기하지만, 이는 동일한 윤리 규범을 둘러싼 진정성 경쟁으로 나타났다. 이 과정 은 윤리적 다양성보다 특정 윤리를 절대화하고 신자유주의적 통치성을 강화하 는 결과로 이어졌다. 이상의 결과를 통해 본 연구는 팬덤이 단순한 취향 공동체 가 아니라 윤리적 실천을 매개로 신자유주의적 통치성이 문화적·정서적 차원으 로 심화되는 장임을 규명하였다. 나아가 본 연구는 기존 셀러브리티 연구와 팬 덤 연구 사이의 간극을 넘어, 셀러브리티의 위상 변화와 팬덤의 윤리적 주체화 과정을 통해 양자를 통합적으로 조망하고 있다는 점에서 의의가 있다."
"> 주제 : 이 논문은  네트워크의 결집체로서 인터넷이 정치과정 특히 정치참여에 어떤 영향을 미치는 지 연구한다.
> 온라인 커뮤니티 : 이를 위해 온라인 커뮤니티를 공론장으로서 역할이 형성되는 장으로서 연구한다.",ROLE_FIELD_PUBLICSPHERE,,12,송경재,2005,네트워크 시대의 인터넷 정치참여: 탄핵정국 디시인사이드 정치토론 게시판을 중심으로,담론201,"본 논문은 네트워크의 결집체로서 인터넷이 정치과정 특히 정치참여에 어떤 영향을 미치는 지를 분석하고자 한다. 2004년 탄핵정국 동안 온라인과 오프라 인에서의 활동으로 사회적 반향을 불러일으킨 인터넷 사이트 <디시인사이드>의 ‘정치토론 게시판’을 사례 연구하여 IT 기반 네트워크 시대의 정치참여가 가지 는 함의와 정치참여 과정, 확산, 그리고 특성을 분석하고자 했다.  연구결과, 첫째, 탄핵정국 동안 디시의 정치토론 게시판은 ‘네트워크 정치참 여(political participation of network)’라 불릴만한 참여방식을 형성했다. 그로인해 네티즌들의 정치참여 내용은 풍부화 되고 유용성뿐만 아니라 커뮤니 케이션을 통해 정치적 관심을 유지하는데 기여했다. 둘째, 네트워크형 정치참 여는 정치참여의 활성화.주체의 보편화.방식의 다양화라는 새로운 참여를 가 능케 하고 있다. 셋째, 정치참여 측면에서 인터넷 네트워크는 단순히 도구론적 이용이 아니라, 참여의 성격을 바꾸고 자발적인 참여를 촉진시키는데 긍정적인 기여를 할 수도 있다. 넷째, 사이버 공간에서 아주 작은 규모의 참여라도 개인에게 미치는 영향은 큰 효과를 발휘해 민주주의의 학습장으로 발전할 가능성을 발견했다.  이와 함께 네트워크로 인한 정치참여의 용이함은 반대로 책임 없는 참여로 나갈 수 있다는 것과 일상에서 참여의 강화 여부, 그리고 정보격차의 심화 등 이 문제점으로 지적되어 네트워크 정치참여와 관련한 보다 많은 연구가 필요성 도 확인되었다."
"> 주제 : 이 논문은  익명상황에서 형성되는 사회적 정체성의 분화에 주목하여 상이한 해석이 도출된 원인을 연구한다.
> 온라인 커뮤니티 : 이를 위해 온라인 커뮤니티의 익명성과 커뮤니티의 생애주기라는 특성을 활용하여 연구한다.",ENV_ONLINE_ANNONIMITY,ENV_COMMUNITY_LIFECYCLE,13,송준모·강정한,2018,메갈리아의 두 딸들: 익명성 수준에 따른 온라인 커뮤니티의 정체성 분화,한국사회학,"전투적 여성주의를 표방한 온라인 커뮤니티 메갈리아의 정체성에 대해 온라인 여성주의에서부터 혐오사이트에 이르기까지 다양한 해석이 존재한다. 본 연구는 익명상황에서 형성되는 사회적 정 체성의 분화에 주목하여 상이한 해석이 도출된 원인을 탐색한다. 글쓴이 ID 공개 여부로 구분되 는 익명성 수준(완전익명, 부분익명)에 따라 게시물에 나타난 담론 내용의 차이를 파악하고 내부 갈등의 전개 양상을 재구성하기 위해 2015년에서 2016년에 이르는 메갈리아의 생애에 걸친 전체 게시물 162,893건을 분석하였다. 자연어처리 기법(토픽모델링, Word2Vec)을 활용한 분석결과에 따르면 전체 게시물에서 성차별과 연관있는 주제의 비중이 높았으며, 내부 갈등과 연관된 주제의 비중은 크지 않았다. 한편 완전익명 게시물에서는 메갈리아 방언을 이용한 분노 표출 토픽들이 배타적인 선호를 보였으며, 부분익명 게시물에서는 성차별 반대 캠페인 관련 토픽들이 배타적 선 호를 보였다. 이러한 담론의 분화는 게시물의 대다수를 차지하는 완전익명 게시글에 주목하느냐, 혹은 주요 글쓴이에 주목하며 부분익명 게시글의 흐름을 파악하느냐에 따라 메갈리아의 정체성 을 전혀 다르게 파악하게 한다. 더불어 익명성 수준에 상관없이 공유되는 주제 내에서도 정체성 간 사용하는 단어가 배타적으로 나뉘거나 공유단어의 활용맥락이 달라지는 방식으로 갈등이 발 전한다. 두 가지 방식이 모두 관찰된 성소수자 논쟁의 경우 구성원의 대거 이탈과 커뮤니티의 쇠 락을 야기했다. 이러한 연구결과를 통해 온라인 커뮤니티에서 사용자들이 익명성 수준과 같은 구 조적 여건에 반응하여 정체성을 형성하고 상호작용하는 방식과, 커뮤니티의 생애과정 전개를 통 합적으로 이해하는 분석틀의 발전에 기여하길 기대한다."
"> 주제 : 이 논문은 온라인 자전거 커뮤니티의 대화를 기반으로 구성되는 결사의 특성을 연구한다.
> 온라인 커뮤니티 : 이를 위해 온라인 커뮤니티를 상호작용의 장이자 유대와 정서적 에너지를 고양시키는 장을 제공한다는 관점에서 연구한다.",ROLE_FIELD_SOCIALCAPITAL,,14,심보선,2014,온라인 커뮤니티의 상호작용 의례: 자전거 커뮤니티 사례를 중심으로,문화와 사회,"이 연구는 랜들 콜린스와 어빙 고프먼의 “상호작용 의례” 이론을 빌려와 온 라인 자전거 커뮤니티에서 이루어지는 대화를 분석하고 이를 통해 구성되는 결 사의 특성을 밝히고자 했다. 온라인 자전거 커뮤니티는 구성원들이 자전거라는  ‘신성한 대상’을 중심으로 유대하고 정서적 에너지를 고양시키는 결사라고 할  수 있다. 커뮤니티 구성원들은 반복적인 의례행위, 관심대상, 기분 등을 공유함 으로써, 공통의 상징과 정서와 규범을 만들어간다. 이러한 의례 과정은 회원들 이 존대와 처신, 수습절차 등의 의례 규칙들을 협력적으로 표현하고 수행함으로 써 이루어진다. 이를 통해 회원들은 자신과 타인들의 언행을 조절하고 문제에 대처해 나간다. 자전거 온라인 커뮤니티 내부에는 자전거와 비자전거, 온라인과 오프라인, 결사내부와 결사외부가 공존한다. 온라인 커뮤니티는 이와 같은 ‘이질 적인 것들의 공존’을 해석하고 조절하는 노력 속에서 유지된다. 때로는 이 과정 에서 격렬한 감정적 논쟁, 즉, ‘플레이밍’이 야기되고 이는 커뮤니티의 유대와 정서적 에너지를 약화시키는 결과를 가져온다. 이때 회원들은 협력적 작업을 통 해 다양한 도덕적 표준들을 확인하고 제안하며 내부의 의례균형을 회복하고 위기를 극복하려 한다. 이 연구는 한 평범한 온라인 커뮤니티의 상호작용 의례를 분석하면서 온라인 상호작용에 대한 비관론과 낙관론 모두를 지양하고자 했다. 온라인 커뮤니티의 회원들은 무수한 실패와 반복되는 위기 속에서도, 때로는 일 상적으로, 때로는 긴급하게, 지속적인 대화와 협력의 상호작용 의례를 통해, 자 신들이 속한 결사를 유익하고, 즐겁고, 동시에 도덕적으로 정당한 결사로 구성 해간다."
"> 주제 : 이 논문은 온라인 커뮤니티에서의 재생산이 사회적 자본에 의해 달라진다는 가설을 연구한다.
> 온라인 커뮤니티 : 이를 위해 온라인 커뮤니티를 재생산을 수행하는 사회자본 형성의 장으로 활용하여 연구한다.",ROLE_FIELD_SOCIALCAPITAL,,15,이헌아·류석진,2013,온라인 커뮤니티의 사회적 자본과 제도: 디시인사이드 바람의 화원/바람의 나라 갤러리를 중심으로,정보사회와 미디어,"본 논문은 온라인 커뮤니티의 제도를 ‘재생산’이라고 보고, 제도의 성패가 사회적 자본에 의해 달라진다는 가설을 검증하는 목표를 갖고 있다. 이를 위해 이론적으로 로버트 퍼트남(Robert D.Putnam)의 ‘사회적 자본(social capital)' 개념을 소개하고, 다른 연구를 통해 측정 가능하도록 개념을 보완한 뒤, 이를 온라인 커뮤니티에 맞게 수정 및 적용했다. 구체적으로 가설을 검증하기 위해 비슷한 시기에 나타났으나 양상은 크게 달랐던 두 온라인 커뮤니티를 선정하여 NodeXL 프로그램을 이용, 사회적 자본에 대한 실증적인 분석을 하였다. 본 논문은 온라인 커뮤니티에도 사회적 자본 개념을 적용할 수 있다고 보았으며, 온라인 커뮤니티의 제도인 재생산에 영향을 끼치는 사회적 자본의 구성요소를 탐구했다. 또한 온라인 커뮤니티에 맞는 사회적 자본 개념이 기존과는 다를 수 있음을 지적하고 있다."
"> 주제 : 이 논문은 젠더갈등에 주목하여, 여성 커뮤니티를 중심으로 감정동학을 연구한다.
> 온라인 커뮤니티 : 이를 위해 온라인 커뮤니티를 젠더 갈등을 이해하는 창으로 활용하여 연구한다.",ROLE_WINDOW_GENDER,,16,이혜수,2023,한국사회의 젠더갈등과 감정동학: 2022년 대선 여성가족부 폐지 담론을 중심으로,지역사회학,"한국사회의 갈등 양상은 지역갈등에서 세대갈등, 나아가 젠더갈등으로 지형이 변화해 왔다. 본 논문은 그 중에서도 ‘감정의 갈등화’로 치닫는 대표적 현상으로서의 젠더갈등에 주목하고, 젠더갈등 이슈에 민감하게 반응하는 20-30대 여성 커뮤니티를 중심으로 감정동학을 관찰하고자 하였다. 2022년 20대 대통령 대선은 한국사회의 새로운 갈등지형 변화를 보여주었던 사례로서, 이와 관련해 젠더갈등이 촉발된 계기였던 ‘여성가족부 폐지 담론’을 중심으로 네트노그라피 분석을 실시하였다. 대표적인 20-30대 여성 온라인 커뮤니티인 더쿠를 8개월간 참여관찰하고 이를 빅터 터너의 사회적 드라마 모델을 통해 분석하였다.그 결과 ‘여성가족부 폐지 공약’을 시작으로 온라인 커뮤니티 내의 사회적 드라마는 시간적 흐름에 따라 위반-위기-교정-재통합 및 분열의 4단계 구조를 보여주고 있었다. 그 가운데 내부 구성원들은 리미널리티와 코뮤니타스 과정을 거쳐 정체성을 재구성하고, 동질감을 공유하며, 그들의 정체성을 드러낼 수있는 팬덤 전략을 통해 정치적 의견을 개진하고자 하는 모습을 보였다."
"주제 : 이 논문은 젠더갈등에 주목하여 젠더 게임의 주자와 현재 쓰이고 있는 전술과 전략을 연구한다.
> 온라인 커뮤니티 : 이를 위해 온라인 커뮤니티를 젠더 갈등을 이해하는 창으로 활용하여 연구한다.",ROLE_WINDOW_GENDER,ROLE_WINDOW_HATE,17,윤지영,2021,젠더 게임 해부하기: 정치적 부족주의에 입각한 반동의 정치에 대한 비판,문화와 사회,"이 논문은 팬데믹 시대의 장기화로 인한 여러 불안정성과 취약성의 감각을 젠더 갈등의 렌즈로만 환원하고 있는 사회현상을 ‘젠더 게임’으로 명명하고자 한다. 필자는 이 논문에서 젠더 게임의 주자들은 누구이며 젠더 게임을 가동하기 위해 현재 쓰이고 있는 전술, 전략들이 무엇인가를 다각도로 분석할 것이다. 이를 위하여 첫 번째로 온라인 커뮤니티를 중심으로 한 2030 남성들의 세대적, 성별적 결집력이 정치적 부족주의의 형태로 가동되는 데에 있어, 어떠한 개념의 오용과 점거가 일어나는가에 대해 면밀히 검토할 것이다. 두 번째로 비대면 사회가 가속화한 네트워크 접속력의 증가로 인하여, 비슷한 목소리만이 증폭, 확산되는 메아리방 효과와 동종선호가 성차별의 문제를 5060 남성들이 5060 여성들에게 가하는 세대 문제로만 축소하여 이를 확증편향하게 만들고 있는데, 이러한 주장이 어떠한 점에서 논리적 모순인가를 드러낼 것이다. 마지막으로 백래시라는 반여성주의적 반동의 전선들이 혐오의 비즈니스화와 정치화로 나아가고 있는 국면 속에서, 이에 대항하기 위한 구체적 저항 전략들을 설계해 보고자 한다.
"
"> 주제 : 이 논문은 모성의 과학화에 대한 기존 논의를 확장하여 모성의 의료화가 심화되어 나가고 있는지 연구한다.
> 온라인 커뮤니티 : 이를 위해 온라인 커뮤니티를 모성의 과학화를 이해하는 창으로, 그리고 자신들만의 경험과 지식이 생산되는 사회자본 형성의장으로 활용하여 연구한다.",ROLE_WINDOW_MISC,,18,왕혜숙·송민이,2021,모성의 의료화: 맘카페의 모유수유 담론을 중심으로,사회사상과 문화,"모성에 대한 기존 연구들은 주로 양육과 가사노동의 합리적 통제를통해 모성이 과학화되고 있음을 주장한다. 이 논문은 맘카페의 모유수유와 관련된 게시글들에 대한 분석을 통해, 모성의 과학화에 대한 기존 논의를 확장하여 모성의 의료화가 심화되어 나가고 있음을 확인해본다. 기존 논의에서 과학화의 대상은 주로 육아나 가사노동에 한정되어 있던것에 반해, 논문의 분석 결과는 의료화의 대상이 어머니의 몸 자체로 확장되고 있음을 보여준다. 나아가, 분석 결과를 토대로 이 논문은 모성의의료화 현상을 이끄는 주체와 방식에 대한 질문을 던진다. 기존 연구들에서 모성의 과학화를 주도하는 주체는 근대국가(인구통치)의 생체권력과 결합한 의료전문가들로 지목된다. 여기서 어머니들은 거시적인 주체들의 논리를 실천하는 역할만을 담당하는 수동적 존재이다. 이에 반해분석 결과는 어머니들이 의료전문가들의 의료지식과 전문용어에 절대적으로 의존하기보다는 자신들만의 경험과 지식에 더욱 의존하는 영향을보여준다. 특히 이 논문은 어머니들이 자신들만의 주관적인 경험과 지식을 표현하고 공유하기 위한 독자적인 용어들이 생산되는 장으로서 온라인 커뮤니티의 역할에 주목한다."
"> 주제 : 이 논문은 혐오의 축들이 어떻게 교차하는지, 혐오 키워드들이 어떻게 결합하는지에 대해 분석 연구한다.
> 온라인 커뮤니티 : 이를 위해 혐오를 이해하는 창으로 활용하여 연구한다.",ROLE_WINDOW_HATE,,19,정유라·이신행·노승미·구정우·서찬석,2025,혐오와 혐오가 만날 때: 온라인 커뮤니티에 나타난 정치 혐오 및 사회 혐오 키워드의 결합에 대한 분석,정보사회와 미디어,"온라인 커뮤니티는 민주적 소통의 공간으로 주목받았으나 동시에 갈등 및 혐오의 온상으로 지적되어 오기도 했다. 기존의 연구들은 정치적 양극화에 따라 나타나는 상대 당파에 대한 혐오, 이민자의 증가에 따라 등장하는 외국인 혐오, 또는 사회적 균열의 축을 따라 팽창하는 젠더 기반 혐오 및 세대 기반 혐오 등에 각기 주목해왔다. 이러한 연구들을 바탕으로 본 연구는 이러한 혐오의 축들이 어떻게 교차하는지, 혐오 키워드들이 어떻게 결합하는지에 대해 분석했다. 우선 11개의 주요 온라인 커뮤니티에서 2016년에서 2022년 사이에 작성된, 혐오 키워드를 포함하는 게시글들을 모두 수집한 후, 정리된 빅데이터를 바탕으로 주제 별 혐오 키워드들이 다른 혐오 키워드들과 함께 이용되는 양태를 양적으로 살펴보고 직접 혐오 키워드들이 결합된 문장들에 대한 질적 분석을 수행했다. 분석 결과, (1) 진보 진영에 대한 혐오가 나이 든 세대에 대한 혐오와 결합하는 양상, (2) 중국, 이슬람, 동남아 등 각기 다른 민족에 대한 혐오가 서로 맞물리며 진보 진영에 대한 혐오와 만나는 양상, 그리고 (3) 여성에 대한 혐오가 진보 진영에 대한 혐오와 결합하는 양상을 발견할 수 있었다. 나아가, 텍스트에 대한 질적 분석을 통해, 사회적 갈등과 혐오가 정치적 양극화 및 상대 정파에 대한 혐오와 만나 증폭되고 있는 양태를 구체적으로 확인할 수 있었다. 본 연구는 정치적 양극화와 사회적 양극화가 맞물리는 가운데 혐오의 정치가 정치, 사회, 문화에 걸쳐 퍼져있음을 이해하는데 있어 이론적, 실질적 함의를 지닌다."
"> 주제 : 이 논문은 교회 환경 요소 가운데 하나인 온라인에 대한 개신교 신자들의 인식 변화를 살펴보고 온라인 공동체의 가능성에 대하여 연구한다.
> 결론 : 
> 온라인 커뮤니티 : 이를 위해 온라인 커뮤니티를 온라인 공동체를 형성하는 사회자본 형성의 장으로 활용하여 연구한다.",ERR,,20,정재영,2023,뉴노멀 시대에 한국교회의 변화와 전망: 온라인 공동체를 중심으로,종교와 사회,"코로나 사태로 인해 한국교회는 교회관과 신앙관에서 큰 변화를 경험하고 있다. 코로나 사태 동안 경험한 인식의 변화는 교회 활동이나 신앙생활이 이전의 방식으로 이루어지기 어렵게 만들고 있다. 따라서 교회는 새로운 시대를 위한 준비가 필요하다. 기독교 신앙의 본질을 고수하면서 미래 사회에서 어떻게 적실성 있는 신앙생활을 이루어 갈 수 있을지에 대한 깊은 고민이 필요하다. 코로나 사태가 안정이 된다고 하더라도 이미 온라인 방식에 익숙해진 신자들은 대면 방식에만 의지하지 않고 필요에 따라 두 가지 방식을 병행하게 될 것이다. 이러한 상황에서 기독교 신앙을 담보할 수 있는 예배의 형식과 내용은 무엇인지, 변하는 환경 속에서 신앙공동체를 어떻게 이룰 수 있는지 고민해야 한다. 그리고 중요한 것은 이것이 교회라고 하는 건물과 조직 그리고 제도를 유지하기 위한 것인가 진정한 기독교 정신과 가치의 실현에 대한 것인가를 따져보아야 한다.
이러한 점에서 이 글에서는 교회 환경 요소 가운데 하나인 온라인에 대한 개신교 신자들의 인식 변화를 살펴보고 온라인 공동체의 가능성에 대하여 살펴보았다. 그리고 대부분의 교회에서 운영하고 있는 소그룹 활동을 통해서 교회의 공동체성을 확보할 수 있음을 강조하였다. 그러나 문제는 현재 교회 모임의 대부분이 교회 울타리 안에서만 이루어지고 있다는 점이다. 뉴노멀 시대에는 전통적으로 중요하게 여겨왔던 ‘모이는 교회’보다 ‘흩어지는 교회’에 대한 관심이 높아지고 있다. 따라서 앞으로는 교회의 소그룹 활동이 교회 밖에서도 이루어질 수 있도록 지원할 필요가 있다. 그리고 소그룹 참여자들이 사회의식을 갖고 적극 참여할 수 있도록 독려해야 한다.
코로나 19는 교회에 큰 위협이 되고 있지만 이제는 이것을 변화의 기회로 삼아야 한다. 기존의 관행이나 고정 관념을 고수하기보다 신앙생활의 참뜻을 이해하는 것이 더욱 중요하다. 예배당 중심의 신앙생활을 강조하기보다 공동체 예배와 개인의 삶으로서의 예배 사이의 균형 그리고 일상생활에서 신앙의 실천이 강조되어야 한다. 이것이 개신교가 따르는 종교개혁의 정신이다. 스스로 공동체를 이룰 뿐만 아니라 우리 사회에서 책임 있는 공동체로서의 역할을 감당할 수 있도록 교회 사역을 전환하는 것이 한국교회가 코로나 위기를 잘 극복할 뿐만 아니라 신앙의 본질을 회복하는 일이 될 것이다."
"> 주제 : 이 논문은 온라인 커뮤니티 활동과 삶의 만족도에 미치는 영향에 대해 연령과 시기를 연구한다.
> 온라인 커뮤니티 : 이를 위해 온라인 커뮤니티를사회자본을 형성하는 장으로 활용한다.",ROLE_FIELD_SOCIALCAPITAL,,21,최미연·이창준,2022,비대면 상황에서의 온라인 커뮤니티 활동이 삶 만족도에 미치는 영향: 코로나19 이전(2017년)과 이후(2021년) 비교를 중심으로,정보사회와 미디어,"본 연구는 코로나19 펜데믹 전인 2017년과 이후인 2021년의 한국미디어패널 데이터를 활용 하여 사회적 자본 관점에서 온라인 커뮤니티 활동과 삶의 만족도에 미치는 영향에 대해 연령과 시기를 비교분석하였다. 전국 조사대상자 중 만13세 이상을 대상으로 수집된 2017년(8,907 명)과 2021년(9,820명)의 응답 데이터를 분석하여 온라인 커뮤니티 활동과 사회적 자본 간의 관계를 밝히고, 각 시기, 연령 간 삶의 만족도에 어떠한 차이가 나타나는지 분석하였다. 분석 결과, 결속적 온라인 활동을 많이 할수록 삶의 만족도에 정(+)의 영향을 미치고, 연령의 조절 효과는 결속적 온라인 활동에서만 통계적으로 유의하게 삶의 만족도에 영향을 미치는 것으로 나타났다. 이전의 선행연구에서 온라인 활동과 개인의 사회적 자본에 대해 논의되어 왔지만, 본 연구를 통해 비대면 상황과 대면 상황에서 연도별로 비교함으로써 삶의 만족도와 연령 간 차이, 시기별 차이를 다루며 사회적 자본의 확장 측면에서 실증적으로 다루었다는 데에 의의가 있다. 이러한 실증적 연구를 통해 미디어 이용 변화와 커뮤니케이션 유형의 변화 등을 고찰하 여 비대면 상황에서의 사회적 상호작용이 온라인을 매개로 확산된다는 점에서 인적 네트워크 형성과 사회자본 축적의 가능성을 제시한다는 점에서 의의가 있을 것이다."
"> 주제 : 이 논문은 2009년 스누라이프 커뮤니티 내에서 일었던 태그달기가 사회운동으로 틀 잡아가는 과정을 연구한다.
> 온라인 커뮤니티 : 이를 위해 온라인 커뮤니티를 사회자본을 형성하는 장으로 활용하여 연구한다.",ROLE_FIELD_PUBLICSPHERE,ENV_ONLINE_GOVERNACE,22,한신갑,2012,새로운 사회운동 방식을 통한 집단기억의 형성과 유지: 스누라이프에서의 태그달기,기억과 전망,"사람들에게 2009년의 10대 뉴스가 무엇이었는지를 물으면 얼마나 기억해낼 수 있을까? 서울대학교 학생들의 온라인 커뮤니티인 스누라이프(SNULife)에 들어가면, <인기 태그>난을 찾을 수 있다. 이 난에는 그때그때 학생들의 관심을 끄는 사안들에 대한 태그가 나타나고 사라지는데, 그 가운데 지난 두 해 동안 꾸준히 그 자리를 지켜온 것이 2009년 총학생회장 선거에서 선거부정 의혹 사건이 일어났을 때 사용되었던 ‘박진혁’å과 ‘å박징역’이라는 태그다. 이렇게 오랜 기간 이 사건에 대한 기억을 집단차원에서 지속적으로 재생산해내기 위해 자생적으로 만들어진 사회운동의 새로운 한 형태가 바로 ‘태그달기’å다. 이 연구에서는 18개월간의 게시글과 태그를 자료로 삼아, 태그달기가 사회운동으로 틀 잡아가는 과정을 분석한다. 특히 온라인 사회운동의 기제가 오프라인의 그것과 어떤 점에서 근본적으로 달라질 수 있는지를 살펴보고, 그 함의를 사회운동의 이론적, 실천적 맥락과 연관지어 본다."
"> 주제 : 이 논문은 유아교사의 디지털역량 강화를 위한 교육 프로그램을 개발하기 위해 연구한다.
> 온라인 커뮤니티 : 온라인 커뮤니티에 대해 다루지 않는다.",ERR,,23,김교령· 박은혜,2022,유아교사의 디지털역량 강화를 위한 교육 프로그램 개발,육아지원연구,"본 연구의 목적은 유아교사의 디지털역량 강화를 위한 교육 프로그램을 개발하는 데 있다. 이를 위해 분석 단계에서 선행연구 분석 및 현직 유아교사 249명을 대상으로 요구 조사를 실시하였다. 설계및 개발 단계에서는 프로그램(안)을 구성하고, 전문가 타당도 검토를 실시하였다. 실행 단계에서는 현직 유아교사 9명을 대상으로 프로그램(안)을 실행하고, 평가 단계에서는 실행 단계에서 수집한 자료를토대로 수정, 보완하여 최종 프로그램을 개발하였다. 유아교사의 디지털역량 강화를 위한 교육 프로그램은 유아교사의 디지털역량 범주인 교사의 전문적 역량, 교사의 교수학습 역량, 학습자의 역량을 강화하는 것을 교육 목표로 하고, 교육 내용은 교육 목표와 연계하여 5개의 주제를 선정하여 조직하였다.
교수학습 방법은 플립러닝을 기반으로 강의, 개별실습, 워크숍, 토의를 통해 이루어지며, 8회기(15차시) 동안 온라인 커뮤니티와 온라인 실시간 화상회의 플랫폼을 통해 운영된다. 본 연구의 결과는 유아교사의 디지털역량 강화를 위한 프로그램이 적극적으로 실시되어야 하며, 단편적인 기술 활용 교육이아닌 디지털역량을 종합적으로 강화할 수 있는 프로그램이 필요함을 시사한다."
"> 주제 : 이 논문은 해외사례 및 기존도시의 문제점 등을 분석하여 평가지표 인벤토리를 만들고 최종 성별영향평가지표와 계획요소를 설정하기 위해 연구한다.
> 온라인 커뮤니티 : 온라인 커뮤니티에 대해 다루지 않는다.",ERR,,24,이상문(협성대학교),2009,성별영향평가를 통한 김포한강신도시의 여성친화도시 계획수립에 관한 연구,국토연구,"현대도시는 외형적 발전을 했지만 내부적으로 경제력이 약한 여성의 경우 각종 편의서비스 접근에 제약이 존재한다. 신도시건설은 이러한 문제를 해결하면서 미래지향적으로 여성이 살기 좋은 도시를 만들 수 있는 기회다. 따라서 본 논문에서는 해외사례 및 기존도시의 문제점 등을 분석하여 평가지표 인벤토리를 만들고 최종 성별영향평가지표와 계획요소를 설정하였다. 특히 여성친화적 계획요소로는 공원재 여성들의 특성을 반영한 체육공간, 육아 및 보육시설, 여성일자리창출 기회 등이 꼭 필요한 것으로 분석되었다. 이를 바탕으로 김포한강신도시를 사례로 건설과정과 계획안에 대해 성별영향평가를 실시한 다음, 그 결과를 다시 계획안에 반영하는 환류체계를 구축하여 여성친화도시를 실현하고자 하였다. 
이를 위한 정책개선사항은 다음과 같다. 첫째, 법제도에 성인지적 관점을 도입하여야 하고, 둘째, 각종 계획지침 속에 성형평적 도시계획요소를 반영하며, 셋째, 신도시개발 관계자에 대한 교육을 실시할 필요가 있다."
"> 주제 : 이 논문은 내용분석의 정성적 방법과 사회네트워크분석의 정량적 방법을 결합한 혼합연구방법을 제시하기 위해 연구한다. 
> 온라인 커뮤니티 : 온라인 커뮤니티에 대해 다루지 않는다.",ERR,,25,임병학(부산외국어대학교),2019,넷노그래피를 활용한 성경의 핵심어 네트워크 분석,로고스경영연구,"다양한 대용량의 데이터를 처리하는 컴퓨터 기술의 발달로 텍스트 데이터를 분석하는 방법은 사회과학의 양적 방법론과 질적 방법론에서 큰 진전을 이루어 왔다. 본 연구는 이러한 텍스트 데이터에 내용분석과 사회 네트워크 분석을 적용하고자 한다. 내용분석은 주제별 단어의 빈도수 기반 워드클라우드나 워드트리의 시각화 분석을 제공해 주지만, 각 단어 간 관계, 단어의 역할이나 위치 등을 분석하는 데는 한계가 있다. 이러한 내용분석의 한계점을 보완해 주는 것이 사회 네트워크 분석 방법이다. 사회 네트워크 분석은 네트워크에 참여하는 노드(Node)와 링크(Link)를 기반으로 네트워크 수준과 노드 수준에서 계량적으로 분석하는 방법이다. 따라서 본 연구는 내용분석의 정성적 방법과 사회네트워크분석의 정량적 방법을 결합한 혼합연구방법을 제시한다. 본 연구는 온라인 성경 66권의 내용분석을 통한 각 권별 핵심어 도출 방법을 제시하고 성경 66권의 핵심어 동시출현에 의한 성경 66권의 네트워크와 핵심어 네트워크를 분석하는데 목적을 두고 있다. 또한 온라인 커뮤니티를 연구하는 질적 방법론인 넷노그래피를 적용하여 내용분석과 핵심어 네트워크 분석을 결합한 혼합연구방법을 제시하였다. 내용분석을 통해 신약과 구약 성경 66권이 여호와, 예수, 그리스도 핵심어를 중심으로 기술되어 있음을 알 수 있었고, 사회네트워크분석은 여호와, 예수, 그리스도 핵심어를 중심으로 연결되어 있음을 보여주고 있다."
"> 주제 : 이 논문은  온라인 커뮤니티의 신뢰형성에 영향을 미치는 요인으로 커뮤니티 명성, 사회적 실재감, 즐거움을 제안하고 커뮤니티 신뢰가 구매의도에 어떠한 영향을 미치는지 살펴보기 위해 연구한다.
> 온라인 커뮤니티 : 온라인 커뮤니티를 커뮤니티의 명성이나 사회적 실재감과 같은 사회자본 형성의 장으로 본다.",ROLE_FIELD_SOCIALCAPITAL,,26,문영주(공주대학교),2008,온라인 커뮤니티의 신뢰형성이 구매의도에 미치는 영향,전자상거래학회지,"최근 기업들은 제품 및 서비스의 구매의도 형성에 온라인 커뮤니티의 중요성이 부
각됨에 따라 다양한 커뮤니티를 구축하게 되었고 막대한 비용을 투자하여 전략들을 개발하여 운영하고 있다. 하지만 단기적인 운영전략 및 구성원들의 지속적인 관계형성을 유도하지 못하고 신뢰를 형성하는데 많은 어려움을 호소하고 있다. 이에 본 연구는 온라인 커뮤니티의 신뢰형성에 영향을 미치는 요인으로 커뮤니티 명성, 사회적 실재감, 즐거움을 제안하고 커뮤니티 신뢰가 구매의도에 어떠한 영향을 미치는지 살펴보고자 한다."
"> 주제 : 이 논문은 상호작용성의 여러 가지 유형 중 ‘사용자간 상호작용성 (User-to-User Interactivity)의 측정을 위한 척도를 개발하고 검증하기 위해 연구한다.
> 온라인 커뮤니티 : 온라인 커뮤니티사용자의 상호작용성(참여, 공유, 관계, 반응)과 같은 잠정적 사회자본이 형성되는 장으로 본다.",ROLE_FIELD_SOCIALCAPITAL,,27,황장선(중앙대학교),2011,사용자간 상호작용성(User-to-User Interactivity)의 측정을 위한 척도 개발과 검증:온라인 브랜드 커뮤니티를 대상으로,광고학연구,"본 연구의 목적은 디지털 컨버전스 현상으로 출현한 뉴미디어의 특성들 중 가장 핵심적인 개념이라고 할 수 있는 상호작용성의 여러 가지 유형 중 ‘사용자간 상호작용성 (User-to-User Interactivity)의 측정을 위한 척도를 개발하고 검증하는 데에 있다. 기존의 사용자-컨텐츠 간의 상호작용성을 측정하는 척도와 쇼핑몰에서의 사용자간 상호작용성을 측정하는 척도 등이 개발된 바 있지만, 이는 사용자간 상호작용성이 갖고 있는 여러 개념들을 포괄하기에는 무리가 있다. 이에 본 연구는 척도 개발의 과정을 거쳐 사용자간 상호작용성을 측정하는 4개 요인들과 세부 항목을 도출하였다. 각 요인은 ‘참여,’ ‘공유,’ ‘관계,’ ‘반응’ 등이며, 모두 14개 항목으로 최종 확정되었다. 이들의 신뢰도와 타당도는 모델 적합도 등의 지표로 검증한 바 높은 수준으로 나타났으며. 커뮤니티 효과 연구에서 가장 대표적으로 포함되는 결과변인인 커뮤니티 태도에 대한 예측력 또한 높은 수준으로 나타났다. 본 연구에서 개발된 사용자간 상호작용성 척도는 커뮤니티 및 관련 현상의 보다 체계적이고 정확한 측정을 가능하게 하여 해당 분야의 연구에 도움을 줄 것으로 기대한다."
"> 주제 : 이 논문은 장애대학생의 역량 특성을 알아보고, 개인심리 변인이 역량에 미치는 영향을 연구한다.
> 온라인 커뮤니티 : 이 연구에서는 온라인 커뮤니티를 참여자 수집을 위한 도구로 활용하였을 뿐 온라인 커뮤니티를 연구 주제로 사용하지 않았다.",ERR,,28,정소영(한국복지대학교),2021,장애대학생의 개인심리 변인에 따른 역량 영향,교육연구논총,"이 연구에서는 장애대학생의 역량 특성을 알아보고, 개인심리 변인이 역량에 미치는 영향을 알아보고자 하였다. 이 연구의 대상은 국내 전문대학에 재학하고 있는 503명의 장애학생이고, 대학교에 많이 재학하고 있는 시각장애, 청각장애, 지체장애, 지적장애학생을 고르게 표집하였다. 이 연구에 참여한 장애대학생은 온라인 커뮤니티를 통해 모집하였고 온라인 설문조사를 진행하였다. 도구는「개인심리변인척도」와「대학생 지식․기술․태도차원 역량검사」를 사용하였고, 5점 척도를 통해 인식 정도를 평정하였다. 자료처리는 역량에 대한 인식 평균 차이 검증과, 회귀분석을 실시하였다. 
연구결과는 장애학생은 장애유형별로 지식․기술․태도차원의 역량 인식에서 의미있는 평균 차이를 나타냈고, 시각장애, 청각장애, 지체장애학생이 지적장애학생보다 높은 역량 인식 평균을 나타냈다. 개인심리 변인이 역량에 미치는 영향을 알아본 결과에서는 사회적 지지와 학업만족, 진로정체감은 기술차원 역량에 영향을 미쳤고, 학업만족은 태도차원 역량에 영향을 미쳤다. 
이 연구를 토대로 국내 대학에서 장애대학생이 이론지식 중심의 학업성취가 아닌 직업생활에 보편적으로 요구되는 역량 교육과정 운영과, 장애대학생의 역량을 강화하기 위한 다양한 지원 방안을 마련하여야 함을 제안하였다."
"> 주제 : 이 논문은 온라인 육아 커뮤니티 데이터를 이용하여 엄마표 영어 담론을 분석하기 위해 연구한다.
> 온라인 커뮤니티 : 온라인 커뮤니티를 육아 커뮤니티 담론을 이해하는 창으로  본다.",ROLE_WINDOW_MISC,,29,정옥경(총신대학교),2024,‘엄마표 영어’담론 분석:토픽모델링과 감성분석의 적용,한국유아교육연구,"본 연구는 온라인 육아 커뮤니티 데이터를 이용하여 엄마표 영어 담론을 분석하기 위해 수행되었다. 엄마표 영어 담론의 주제를 분석하기 위해 LDA 알고리즘 기반의 토픽모델링 기법을 적용하였고, 감성분석을 위해 KoGPT2를 사용하였다. 토픽모델링 분석을 수행한 결과, 16개 토픽이 도출되었고, 이는 ‘엄마표 영어 관련 고민’, ‘엄마의 영어공부 및 연대’, ‘엄마표 영어 지도방법 및 효과’, ‘엄마표 영어 교육자료’라는 네 가지 대주제로 유목화되었다. 감성분석 결과, 전반적 감성은 긍정 감성이 높은 경향을 보였다. 16개 토픽에 대한 감성분석 적용 결과, ‘엄마표 영어 교육방법 고민’, ‘엄마표 영어 진행 고민’, ‘엄마표 영어 시작방법 고민’, ‘엄마표 영어 스터디 그룹 결성’, ‘생활영어 프로젝트 연대 결성’에서 긍정 감성이 우세하게 나타났다. 반면에 ‘엄마표 영어와 다른 영어교육방법 간 선택 고민’과 ‘레벨테스트’에서는 부정 감성이 높은 경향을 보였다. 연구결과는 유아동 부모의 영어교육 지원에 필요한 학문적 논의를 확대하고 관련 교육정책 대안 마련에 필요한 기초자료를 제공할 수 있을 것이다."
"> 주제 : 이 논문은 온라인탐구학습이 학습자에게 어떠한 학습경험을 제공해주고 있는지, 학습자들의 탐구를 위해 제공된 비계적 도움이 효과적이었는지, 탐구학습의 구성요소들에 대하여 학습자가 어떻게 인식하고 있는지를 규명하고 이에 기초하여 온라인탐구학습을 설계할 때 고려해야 할 시사점을 제시하고자 연구한다.
> 온라인 커뮤니티 :",ERR,,30,임병노(경희대학교),2003,온라인 탐구환경에서의 학습경험: 효과적인 탐구학습 설계를 위한 시사,교육공학연구,"대학교육에서 온라인교육이 전통적인 오프라인교육의 대안으로서 성장하기 위해서는 단순히 오프라인교육의 복사판이 아니라 인터넷 매체의 장점을 바탕으로 한 학습자 중심의 문제해결과정을 도입하지 않으면 안 된다. 온라인 탐구학습은 이러한 문제의식에 기초하여 학습자 주도의 학습이 이루어지도록 설계된 학습모형이다. 다양한 탐구활동이 온라인상에서 이루어지고 있지만 학습이 효과적으로 이루어지도록 탐구활동을 조직하려면 적절한 탐구환경의 조성과 탐구학습모듈에 대한 주의 깊은 설계가 필요하다. 본 연구의 목적은 온라인탐구학습이 학습자에게 어떠한 학습경험을 제공해주고 있는지, 학습자들의 탐구를 위해 제공된 비계적 도움이 효과적이었는지, 탐구학습의 구성요소들에 대하여 학습자가 어떻게 인식하고 있는지를 규명하고 이에 기초하여 온라인탐구학습을 설계할 때 고려해야 할 시사점을 제시하고자 하는 것이다. 
본 연구는 수도권에 소재하고 있는 대학에 다니는 교직과정 학생들을 대상으로 한 온라인 탐구학습에서 학생들이 겪은 경험을 설문조사와 성찰일지를 통하여 살펴보았다. 대상이 된 강의는 전적으로 온라인수업이 아니라 온라인 수업은 5주 동안 한정적으로 이루어진 혼합형(blended) 강의이다. 분석결과에 의하면 학습자들은 적절한 교수의 피드백, 실제적인 학습시나리오 및 학습과제의 내용, 자유롭게 허용된 질의 등 탐구학습의 경험에 대하여 매우 긍정적으로 인식하고 있었다. 전공과목 수강과 때마침 있었던 교생실습의 부담, 생소한 온라인 탐구학습의 경험에도 불구하고 온라인탐구학습의 경험에 대하여 긍정적으로 인식하고 있다는 것은 온라인 탐구학습이 향후 대학교육의 주요한 대안으로 자리 매김할 수 있는 가능성을 보여주고 있다. 마지막으로 본 연구에서는 연구결과에 기초하여 효과적인 온라인 탐구학습을 설계하기 위해서 설계자들이 유의해야 할 점을 제시하고 있다."